company_name,isin,money_value,index_share_pct,money_url,symbol,yahoo_name
11 bit studios SA,PL11BTS00015,117.8,0.04,https://www.money.pl/gielda/spolki-gpw/pl11bts00015.html,11B.WA,11 bit studios S.A.
3R Games SA,PLGRNKT00019,0.71,0.0,https://www.money.pl/gielda/spolki-gpw/plgrnkt00019.html,3RG.WA,3R Games S.A.
4Mass SA,PL4MASS00011,5.7,0.01,https://www.money.pl/gielda/spolki-gpw/pl4mass00011.html,4MS.WA,4MASS Spólka Akcyjna
AB SA,PLAB00000019,151.2,0.32,https://www.money.pl/gielda/spolki-gpw/plab00000019.html,ABE.WA,AB S.A.
AC SA,PLACSA000014,21.4,0.02,https://www.money.pl/gielda/spolki-gpw/placsa000014.html,ACG.WA,AC Spólka Akcyjna
APS Energia SA,PLAPSEN00011,4.7,0.0,https://www.money.pl/gielda/spolki-gpw/plapsen00011.html,APE.WA,APS Energia SA
ASBISc Enterprises plc,CY1000031710,175.2,0.83,https://www.money.pl/gielda/spolki-gpw/cy1000031710.html,ASB.WA,ASBISc Enterprises Plc
ASM Group SA,PLASMGR00014,0.18,0.0,https://www.money.pl/gielda/spolki-gpw/plasmgr00014.html,ASM.WA,ASM Group S.A.
ATM Grupa SA,PLATM0000021,3.66,0.02,https://www.money.pl/gielda/spolki-gpw/platm0000021.html,ATG.WA,ATM Grupa S.A.
Action SA,PLACTIN00018,43.6,0.02,https://www.money.pl/gielda/spolki-gpw/plactin00018.html,ACT.WA,Action S.A.
Adatex SA,PLPIK0000018,1.42,0.0,https://www.money.pl/gielda/spolki-gpw/plpik0000018.html,ADX.WA,Adatex S.A.
Agora SA,PLAGORA00067,10.8,0.05,https://www.money.pl/gielda/spolki-gpw/plagora00067.html,AGO.WA,Agora S.A.
Ailleron SA,PLWNDMB00010,15.66,0.01,https://www.money.pl/gielda/spolki-gpw/plwndmb00010.html,ALL.WA,Ailleron S.A.
Airway Medix SA,PLAIRWY00017,0.24,0.0,https://www.money.pl/gielda/spolki-gpw/plairwy00017.html,AWM.WA,Airway Medix S.A.
Alior Bank SA,PLALIOR00045,137.8,1.66,https://www.money.pl/gielda/spolki-gpw/plalior00045.html,ALR.WA,Alior Bank S.A.
Allegro.eu S.A.,LU2237380790,50.43,6.94,https://www.money.pl/gielda/spolki-gpw/lu2237380790.html,ALE.WA,Allegro.eu S.A.
Alta SA,PLTRNSU00013,1.7,0.0,https://www.money.pl/gielda/spolki-gpw/pltrnsu00013.html,AAT.WA,Alta S.A.
Altus SA,PLATTFI00018,3.7,0.01,https://www.money.pl/gielda/spolki-gpw/plattfi00018.html,ALI.WA,Altus S.A.
AmRest Holdings SE,ES0105375002,9.75,0.06,https://www.money.pl/gielda/spolki-gpw/es0105375002.html,EAT.WA,AmRest Holdings SE
Ambra SA,PLAMBRA00013,19.34,0.03,https://www.money.pl/gielda/spolki-gpw/plambra00013.html,AMB.WA,Ambra S.A.
Amica SA,PLAMICA00010,46.85,0.03,https://www.money.pl/gielda/spolki-gpw/plamica00010.html,AMC.WA,Amica S.A.
Answear.com SA,PLANSWR00019,21.5,0.02,https://www.money.pl/gielda/spolki-gpw/planswr00019.html,ANR.WA,Answear.com S.A.
Apator SA,PLAPATR00018,24.95,0.07,https://www.money.pl/gielda/spolki-gpw/plapatr00018.html,APT.WA,Apator S.A.
Aplisens SA,PLAPLS000016,18.5,0.01,https://www.money.pl/gielda/spolki-gpw/plapls000016.html,APN.WA,Aplisens S.A.
Archicom SA,PLARHCM00016,50.2,0.11,https://www.money.pl/gielda/spolki-gpw/plarhcm00016.html,ARH.WA,Archicom S.A.
Arctic Paper SA,PLARTPR00012,5.91,0.02,https://www.money.pl/gielda/spolki-gpw/plartpr00012.html,ATC.WA,Arctic Paper S.A.
Arlen SA,PLARLEN00012,22.7,0.03,https://www.money.pl/gielda/spolki-gpw/plarlen00012.html,ARL.WA,Arlen S.A.
Artifex Mundi SA,PLARTFX00011,21.15,0.02,https://www.money.pl/gielda/spolki-gpw/plartfx00011.html,ART.WA,Artifex Mundi S.A.
Asseco Business Solutions SA,PLABS0000018,85.2,0.21,https://www.money.pl/gielda/spolki-gpw/plabs0000018.html,ABS.WA,Asseco Business Solutions S.A.
Asseco Poland SA,PLSOFTB00016,219.9,1.63,https://www.money.pl/gielda/spolki-gpw/plsoftb00016.html,ACP.WA,Asseco Poland S.A.
Asseco SEE SA,PLASSEE00014,75.4,0.26,https://www.money.pl/gielda/spolki-gpw/plassee00014.html,ASE.WA,Asseco South Eastern Europe S.A.
Astarta Holding PLC,NL0000686509,37.0,0.03,https://www.money.pl/gielda/spolki-gpw/nl0000686509.html,AST.WA,Astarta Holding PLC
Atal SA,PLATAL000046,59.9,0.08,https://www.money.pl/gielda/spolki-gpw/platal000046.html,1AT.WA,Atal S.A.
Atende SA,PLATMSI00016,4.96,0.01,https://www.money.pl/gielda/spolki-gpw/platmsi00016.html,ATD.WA,Atende S.A.
Atlanta Poland SA,PLATLPL00018,22.5,0.0,https://www.money.pl/gielda/spolki-gpw/platlpl00018.html,ATP.WA,Atlanta Poland S.A.
Atrem SA,PLATREM00017,53.7,0.02,https://www.money.pl/gielda/spolki-gpw/platrem00017.html,ATR.WA,Atrem S.A.
Auto Partner SA,PLATPRT00018,29.75,0.3,https://www.money.pl/gielda/spolki-gpw/platprt00018.html,APR.WA,Auto Partner SA
BNP Paribas Bank Polska SA,PLBGZ0000010,166.4,0.83,https://www.money.pl/gielda/spolki-gpw/plbgz0000010.html,BNP.WA,BNP Paribas Bank Polska S.A.
BOŚ SA,PLBOS0000019,10.2,0.04,https://www.money.pl/gielda/spolki-gpw/plbos0000019.html,BOS.WA,Bank Ochrony Srodowiska S.A.
Bank Handlowy w Warszawie SA,PLBH00000012,121.6,0.54,https://www.money.pl/gielda/spolki-gpw/plbh00000012.html,BHW.WA,Bank Handlowy w Warszawie S.A.
Bank Millennium SA,PLBIG0000016,23.19,1.9,https://www.money.pl/gielda/spolki-gpw/plbig0000016.html,MIL.WA,Bank Millennium S.A.
Bank Pekao SA,PLPEKAO00016,276.7,6.6,https://www.money.pl/gielda/spolki-gpw/plpekao00016.html,PEO.WA,Bank Polska Kasa Opieki S.A.
Benefit Systems SA,PLBNFTS00018,5030.0,2.09,https://www.money.pl/gielda/spolki-gpw/plbnfts00018.html,BFT.WA,Benefit Systems S.A.
Betacom SA,PLBTCOM00016,5.14,0.0,https://www.money.pl/gielda/spolki-gpw/plbtcom00016.html,BCM.WA,Betacom S.A.
Big Cheese Studio SA,PLA340200015,3.98,0.0,https://www.money.pl/gielda/spolki-gpw/pla340200015.html,BCS.WA,Big Cheese Studio Spolka Akcyjna
Bioceltix SA,PLBCLTX00019,76.0,0.04,https://www.money.pl/gielda/spolki-gpw/plbcltx00019.html,BCX.WA,Bioceltix S.A.
Bioton SA,PLBIOTN00029,3.84,0.02,https://www.money.pl/gielda/spolki-gpw/plbiotn00029.html,BIO.WA,BIOTON S.A.
Bloober Team SA,PLBLOBR00014,22.0,0.04,https://www.money.pl/gielda/spolki-gpw/plblobr00014.html,BLO.WA,Bloober Team SA
BoomBit SA,PLBMBIT00010,5.42,0.0,https://www.money.pl/gielda/spolki-gpw/plbmbit00010.html,BBT.WA,BoomBit S.A.
Boryszew SA,PLBRSZW00011,4.92,0.04,https://www.money.pl/gielda/spolki-gpw/plbrszw00011.html,BRS.WA,Boryszew S.A.
Bowim SA,PLBOWM000019,7.38,0.0,https://www.money.pl/gielda/spolki-gpw/plbowm000019.html,BOW.WA,Bowim S.A.
Budimex SA,PLBUDMX00013,683.0,1.18,https://www.money.pl/gielda/spolki-gpw/plbudmx00013.html,BDX.WA,Budimex SA
Bumech Defense Partners SA,PLCPTLP00015,8.8,0.01,https://www.money.pl/gielda/spolki-gpw/plcptlp00015.html,BDF.WA,Bumech Defense Partners S.A.
Bumech SA,PLBMECH00012,13.99,0.02,https://www.money.pl/gielda/spolki-gpw/plbmech00012.html,BMC.WA,Bumech S.A.
CD Projekt Red SA,PLOPTTC00011,245.8,2.34,https://www.money.pl/gielda/spolki-gpw/plopttc00011.html,CDR.WA,CD Projekt Red S.A.
CDRL SA,PLCDRL000043,12.8,0.0,https://www.money.pl/gielda/spolki-gpw/plcdrl000043.html,CDL.WA,CDRL S.A.
CI Games SE,PLCTINT00018,2.4,0.04,https://www.money.pl/gielda/spolki-gpw/plctint00018.html,CIG.WA,CI Games SE
Capitea SA,PLGTBCK00297,0.47,0.0,https://www.money.pl/gielda/spolki-gpw/plgtbck00297.html,CAP.WA,Capitea S.A.
Caspar AM SA,PLCSPAM00017,7.7,0.0,https://www.money.pl/gielda/spolki-gpw/plcspam00017.html,CSR.WA,Caspar Asset Management S.A.
Celon Pharma SA,PLCLNPH00015,19.4,0.05,https://www.money.pl/gielda/spolki-gpw/plclnph00015.html,CLN.WA,Celon Pharma S.A.
Cloud Technologies SA,PLCLDTC00019,119.5,0.02,https://www.money.pl/gielda/spolki-gpw/plcldtc00019.html,CLD.WA,Cloud Technologies S.A.
Coal Energy SA,LU0646112838,1.86,0.0,https://www.money.pl/gielda/spolki-gpw/lu0646112838.html,CLE.WA,Coal Energy S.A.
Cognor Holding SA,PLCNTSL00014,5.75,0.08,https://www.money.pl/gielda/spolki-gpw/plcntsl00014.html,COG.WA,Cognor Holding S.A.
Columbus Energy SA,PLSTIGR00012,2.69,0.01,https://www.money.pl/gielda/spolki-gpw/plstigr00012.html,CLC.WA,Columbus Energy S.A.
Comp SA,PLCMP0000017,93.0,0.25,https://www.money.pl/gielda/spolki-gpw/plcmp0000017.html,CMP.WA,Comp S.A.
Compremum SA,PLPZBDT00013,1.33,0.0,https://www.money.pl/gielda/spolki-gpw/plpzbdt00013.html,CPR.WA,Compremum S.A.
Creepy Jar SA,PLCRPJR00019,474.0,0.03,https://www.money.pl/gielda/spolki-gpw/plcrpjr00019.html,CRJ.WA,Creepy Jar S.A.
Creotech Instruments SA,PLCRTCH00017,782.0,0.3,https://www.money.pl/gielda/spolki-gpw/plcrtch00017.html,CRI.WA,Creotech Instruments S.A.
Creotech Quantum SA,PLCTHQM00018,230.0,0.07,https://www.money.pl/gielda/spolki-gpw/plcthqm00018.html,CRQ.WA,Creotech Quantum S.A.
Cyber_Folks SA,PLR220000018,203.2,0.25,https://www.money.pl/gielda/spolki-gpw/plr220000018.html,CBF.WA,cyber_Folks S.A.
Cyfrowy Polsat SA,PLCFRPT00013,16.09,0.55,https://www.money.pl/gielda/spolki-gpw/plcfrpt00013.html,CPS.WA,Cyfrowy Polsat S.A.
Dadelo SA,PLDADEL00013,100.2,0.05,https://www.money.pl/gielda/spolki-gpw/pldadel00013.html,DAD.WA,Dadelo S.A.
DataWalk SA,PLPILAB00012,119.6,0.09,https://www.money.pl/gielda/spolki-gpw/plpilab00012.html,DAT.WA,DataWalk S.A.
Decora SA,PLDECOR00013,89.3,0.06,https://www.money.pl/gielda/spolki-gpw/pldecor00013.html,DCR.WA,Decora S.A.
Dekpol SA,PLDEKPL00032,62.0,0.01,https://www.money.pl/gielda/spolki-gpw/pldekpl00032.html,DEK.WA,Dekpol S.A.
Delko SA,PLDELKO00019,6.04,0.0,https://www.money.pl/gielda/spolki-gpw/pldelko00019.html,DEL.WA,Delko S.A.
Develia SA,PLLCCRP00017,9.13,0.57,https://www.money.pl/gielda/spolki-gpw/pllccrp00017.html,DVL.WA,Develia S.A.
Diagnostyka SA,PLDGNST00012,161.1,0.39,https://www.money.pl/gielda/spolki-gpw/pldgnst00012.html,DIA.WA,Diagnostyka S.A.
Digital Network SA,PL4FNMD00013,376.0,0.1,https://www.money.pl/gielda/spolki-gpw/pl4fnmd00013.html,DIG.WA,Digital Network SA
Dino Polska SA,PLDINPL00011,34.34,2.22,https://www.money.pl/gielda/spolki-gpw/pldinpl00011.html,DNP.WA,Dino Polska S.A.
Dom Development SA,PLDMDVL00012,224.0,0.31,https://www.money.pl/gielda/spolki-gpw/pldmdvl00012.html,DOM.WA,Dom Development S.A.
ECB SA,PLECBDZ00013,20.65,0.0,https://www.money.pl/gielda/spolki-gpw/plecbdz00013.html,ECB.WA,ECB S.A.
Echo Investment SA,PLECHPS00019,5.42,0.11,https://www.money.pl/gielda/spolki-gpw/plechps00019.html,ECH.WA,Echo Investment S.A.
Elektrotim SA,PLELEKT00016,61.5,0.06,https://www.money.pl/gielda/spolki-gpw/plelekt00016.html,ELT.WA,Elektrotim S.A.
Elkop Estonia SE,EE0000000453,1.94,0.0,https://www.money.pl/gielda/spolki-gpw/ee0000000453.html,EKP.WA,Elkop Estonia SE
Enea SA,PLENEA000013,20.36,0.7,https://www.money.pl/gielda/spolki-gpw/plenea000013.html,ENA.WA,ENEA S.A.
Enel-Med SA,PLENLMD00017,19.8,0.04,https://www.money.pl/gielda/spolki-gpw/plenlmd00017.html,ENE.WA,Centrum Medyczne ENEL-MED S.A.
Energoinstal SA,PLERGIN00015,1.59,0.0,https://www.money.pl/gielda/spolki-gpw/plergin00015.html,ENI.WA,Energoinstal S.A.
Enter Air SA,PLENTER00017,49.6,0.07,https://www.money.pl/gielda/spolki-gpw/plenter00017.html,ENT.WA,Enter Air S.A.
Erbud SA,PLERBUD00012,19.64,0.01,https://www.money.pl/gielda/spolki-gpw/plerbud00012.html,ERB.WA,Erbud S.A.
Erste Bank Polska SA,PLBZ00000044,787.6,4.5,https://www.money.pl/gielda/spolki-gpw/plbz00000044.html,EBP.WA,Erste Bank Polska S.A.
Esotiq&Henderson SA,PLESTHN00018,34.2,0.0,https://www.money.pl/gielda/spolki-gpw/plesthn00018.html,EAH.WA,ESOTIQ & Henderson S.A.
Eurocash SA,PLEURCH00011,5.18,0.05,https://www.money.pl/gielda/spolki-gpw/pleurch00011.html,EUR.WA,Eurocash S.A.
Eurotel SA,PLERTEL00011,29.6,0.01,https://www.money.pl/gielda/spolki-gpw/plertel00011.html,ETL.WA,Eurotel S.A.
Fabrity SA,PLK2ITR00010,26.0,0.0,https://www.money.pl/gielda/spolki-gpw/plk2itr00010.html,FAB.WA,Fabrity S.A.
Ferro SA,PLFERRO00016,31.1,0.09,https://www.money.pl/gielda/spolki-gpw/plferro00016.html,FRO.WA,FERRO S.A.
GK Immobile SA,PLMAKRM00019,4.7,0.01,https://www.money.pl/gielda/spolki-gpw/plmakrm00019.html,GKI.WA,Grupa Kapitalowa IMMOBILE S.A.
GPW SA,PLGPW0000017,98.3,0.36,https://www.money.pl/gielda/spolki-gpw/plgpw0000017.html,GPW.WA,Gielda Papierów Wartosciowych w Warszawie S.A.
Gaming Factory SA,PLGMNGF00017,4.03,0.0,https://www.money.pl/gielda/spolki-gpw/plgmngf00017.html,GIF.WA,Gaming Factory S.A.
Genomtec SA,PLGNMTC00017,3.29,0.01,https://www.money.pl/gielda/spolki-gpw/plgnmtc00017.html,GMT.WA,Genomtec S.A.
Getin Holding SA,PLGSPR000014,0.3,0.0,https://www.money.pl/gielda/spolki-gpw/plgspr000014.html,GTN.WA,Getin Holding S.A.
GreenX Metals Ltd.,AU0000198939,2.62,0.05,https://www.money.pl/gielda/spolki-gpw/au0000198939.html,,
Grodno SA,PLGRODN00015,14.15,0.01,https://www.money.pl/gielda/spolki-gpw/plgrodn00015.html,GRN.WA,Grodno Spólka Akcyjna
Grupa Azoty SA,PLZATRM00012,19.34,0.12,https://www.money.pl/gielda/spolki-gpw/plzatrm00012.html,ATT.WA,Grupa Azoty S.A.
Grupa Forte SA,PLFORTE00012,15.7,0.03,https://www.money.pl/gielda/spolki-gpw/plforte00012.html,FTE.WA,Fabryki Mebli FORTE S.A.
Grupa Kęty SA,PLKETY000011,1271.0,1.7,https://www.money.pl/gielda/spolki-gpw/plkety000011.html,KTY.WA,Grupa Kety S.A.
Grupa Pracuj SA,PLGRPRC00015,55.8,0.17,https://www.money.pl/gielda/spolki-gpw/plgrprc00015.html,GPP.WA,Grupa Pracuj S.A.
Grupa Virtus SA,PLIQPRT00017,1.33,0.01,https://www.money.pl/gielda/spolki-gpw/pliqprt00017.html,GVT.WA,Grupa Virtus Spolka Akcyjna
Harper Hygienics SA,PLHRPHG00023,4.96,0.0,https://www.money.pl/gielda/spolki-gpw/plhrphg00023.html,HRP.WA,Harper Hygienics S.A.
Helio SA,PLHELIO00014,53.2,0.0,https://www.money.pl/gielda/spolki-gpw/plhelio00014.html,HEL.WA,Helio S.A.
Herkules SA,PLZRWZW00012,1.39,0.0,https://www.money.pl/gielda/spolki-gpw/plzrwzw00012.html,HRS.WA,Herkules S.A.
"Huuuge, Inc.",US44853H1086,22.7,0.06,https://www.money.pl/gielda/spolki-gpw/us44853h1086.html,HUG.WA,"Huuuge, Inc."
Hydrotor SA,PLHDRTR00013,9.14,0.0,https://www.money.pl/gielda/spolki-gpw/plhdrtr00013.html,HDR.WA,Przedsiebiorstwo Hydrauliki Silowej HYDROTOR S.A.
IMC S.A.,LU0607203980,30.15,0.03,https://www.money.pl/gielda/spolki-gpw/lu0607203980.html,IMC.WA,IMC S.A.
INC SA,PLINCLT00015,1.45,0.0,https://www.money.pl/gielda/spolki-gpw/plinclt00015.html,INC.WA,INC S.A.
ING Bank Śląski SA,PLBSK0000017,474.8,2.09,https://www.money.pl/gielda/spolki-gpw/plbsk0000017.html,ING.WA,ING Bank Slaski S.A.
Imperio ASI SA,PLNFI0700018,1.4,0.0,https://www.money.pl/gielda/spolki-gpw/plnfi0700018.html,IMP.WA,Imperio Alternatywna Spolka Inwestycyjna S.A.
Inpro SA,PLINPRO00015,7.1,0.01,https://www.money.pl/gielda/spolki-gpw/plinpro00015.html,INP.WA,Inpro S.A.
Instal Kraków SA,PLINSTK00013,35.5,0.02,https://www.money.pl/gielda/spolki-gpw/plinstk00013.html,INK.WA,Instal Kraków S.A.
Inter Cars SA,PLINTCS00010,934.0,1.16,https://www.money.pl/gielda/spolki-gpw/plintcs00010.html,CAR.WA,Inter Cars S.A.
Ipopema Securities SA,PLIPOPM00011,9.12,0.02,https://www.money.pl/gielda/spolki-gpw/plipopm00011.html,IPE.WA,IPOPEMA Securities S.A.
Izolacja Jarocin SA,PLIZCJR00017,3.86,0.0,https://www.money.pl/gielda/spolki-gpw/plizcjr00017.html,IZO.WA,Izolacja Jarocin Spolka Akcyjna
Izostal SA,PLIZSTL00015,3.05,0.01,https://www.money.pl/gielda/spolki-gpw/plizstl00015.html,IZS.WA,Izostal S.A.
JSW SA,PLJSW0000015,32.73,0.23,https://www.money.pl/gielda/spolki-gpw/pljsw0000015.html,JSW.WA,Jastrzebska Spólka Weglowa S.A.
KCI SA,PLPONAR00012,0.9,0.0,https://www.money.pl/gielda/spolki-gpw/plponar00012.html,KCI.WA,KCI Spolka Akcyjna
KGHM Polska Miedź SA,PLKGHM000017,320.85,5.92,https://www.money.pl/gielda/spolki-gpw/plkghm000017.html,KGH.WA,KGHM Polska Miedz S.A.
KRKA d.d.,SI0031102120,1128.0,0.02,https://www.money.pl/gielda/spolki-gpw/si0031102120.html,,
Kino Polska TV SA,PLKNOPL00014,18.1,0.01,https://www.money.pl/gielda/spolki-gpw/plknopl00014.html,KPL.WA,Kino Polska TV Spolka Akcyjna
Kogeneracja SA,PLKGNRC00015,76.0,0.06,https://www.money.pl/gielda/spolki-gpw/plkgnrc00015.html,KGN.WA,Zespól Elektrocieplowni Wroclawskich KOGENERACJA S.A.
Komputronik SA ,PLKMPTR00012,6.09,0.0,https://www.money.pl/gielda/spolki-gpw/plkmptr00012.html,KOM.WA,Komputronik S.A.
Kruk SA,PLKRK0000010,379.3,0.92,https://www.money.pl/gielda/spolki-gpw/plkrk0000010.html,KRU.WA,KRUK Spólka Akcyjna
LPP SA,PLLPP0000011,24880.0,4.3,https://www.money.pl/gielda/spolki-gpw/pllpp0000011.html,LPP.WA,LPP SA
LW Bogdanka SA,PLLWBGD00016,25.55,0.04,https://www.money.pl/gielda/spolki-gpw/pllwbgd00016.html,LWB.WA,Lubelski Wegiel Bogdanka S.A.
Larq SA,PLCAMMD00032,2.94,0.0,https://www.money.pl/gielda/spolki-gpw/plcammd00032.html,LRQ.WA,Larq S.A.
Lena Lighting SA,PLLENAL00015,2.04,0.0,https://www.money.pl/gielda/spolki-gpw/pllenal00015.html,LEN.WA,Lena Lighting S.A.
Less SA,PLINTGR00013,0.15,0.0,https://www.money.pl/gielda/spolki-gpw/plintgr00013.html,LES.WA,Less S.A.
Libet SA,PLLBT0000013,1.25,0.0,https://www.money.pl/gielda/spolki-gpw/pllbt0000013.html,LBT.WA,Libet S.A.
Lubawa SA,PLLUBAW00013,11.87,0.12,https://www.money.pl/gielda/spolki-gpw/pllubaw00013.html,LBW.WA,Lubawa S.A.
Lumina Metals Corp.,CA55025J1030,26.9,0.0,https://www.money.pl/gielda/spolki-gpw/ca55025j1030.html,LMU.WA,Lumina Metals Corp.
MCI Capital ASI SA,PLMCIMG00012,27.0,0.05,https://www.money.pl/gielda/spolki-gpw/plmcimg00012.html,MCI.WA,MCI Capital Alternatywna Spólka Inwestycyjna S.A.
MDI Energia SA,PLNFI1000012,2.11,0.0,https://www.money.pl/gielda/spolki-gpw/plnfi1000012.html,MDI.WA,MDI Energia S.A.
MFO SA,PLMFO0000013,31.9,0.01,https://www.money.pl/gielda/spolki-gpw/plmfo0000013.html,MFO.WA,MFO S.A.
ML System SA,PLMLSTM00015,13.32,0.01,https://www.money.pl/gielda/spolki-gpw/plmlstm00015.html,MLS.WA,ML System S.A.
MLP Group SA,PLMLPGR00017,115.0,0.14,https://www.money.pl/gielda/spolki-gpw/plmlpgr00017.html,MLG.WA,MLP Group S.A.
MOL Rt.,HU0000153937,61.05,0.1,https://www.money.pl/gielda/spolki-gpw/hu0000153937.html,,
Mabion SA,PLMBION00016,7.79,0.01,https://www.money.pl/gielda/spolki-gpw/plmbion00016.html,MAB.WA,Mabion S.A.
Makarony Polskie SA,PLMKRNP00015,24.75,0.01,https://www.money.pl/gielda/spolki-gpw/plmkrnp00015.html,MAK.WA,Makarony Polskie S.A.
Mangata Holding SA,PLZTKMA00017,61.2,0.02,https://www.money.pl/gielda/spolki-gpw/plztkma00017.html,MGT.WA,Mangata Holding S.A.
Marvipol Development SA,PLMRVDV00011,8.18,0.01,https://www.money.pl/gielda/spolki-gpw/plmrvdv00011.html,MVP.WA,Marvipol Development S.A.
Medicalgorithmics SA,PLMDCLG00015,25.0,0.03,https://www.money.pl/gielda/spolki-gpw/plmdclg00015.html,MDG.WA,Medicalgorithmics S.A.
Medinice SA,PLMDNCE00016,55.5,0.07,https://www.money.pl/gielda/spolki-gpw/plmdnce00016.html,ICE.WA,Medinice S.A.
Mennica Polska SA,PLMNNCP00011,40.4,0.11,https://www.money.pl/gielda/spolki-gpw/plmnncp00011.html,MNC.WA,Mennica Polska S.A.
Mercator Medical SA,PLMRCTR00015,58.4,0.03,https://www.money.pl/gielda/spolki-gpw/plmrctr00015.html,MRC.WA,Mercator Medical S.A.
Mex Polska SA,PLMEXPL00010,3.23,0.0,https://www.money.pl/gielda/spolki-gpw/plmexpl00010.html,MEX.WA,Mex Polska S.A.
Miraculum SA,PLKLSTN00017,0.59,0.0,https://www.money.pl/gielda/spolki-gpw/plklstn00017.html,MIR.WA,Miraculum S.A.
Mirbud SA,PLMRBUD00015,11.34,0.1,https://www.money.pl/gielda/spolki-gpw/plmrbud00015.html,MRB.WA,Mirbud S.A.
Mo-Bruk SA,PLMOBRK00013,394.0,0.15,https://www.money.pl/gielda/spolki-gpw/plmobrk00013.html,MBR.WA,Mo-BRUK S.A.
Modivo SA,PLCCC0000016,89.62,0.62,https://www.money.pl/gielda/spolki-gpw/plccc0000016.html,MDV.WA,Modivo S.A.
Molecure SA,PLONCTH00011,6.67,0.02,https://www.money.pl/gielda/spolki-gpw/ploncth00011.html,MOC.WA,Molecure S.A.
Monnari Trade SA,PLMNRTR00012,4.94,0.01,https://www.money.pl/gielda/spolki-gpw/plmnrtr00012.html,MON.WA,Monnari Trade S.A.
Mostostal Płock SA,PLMSTPL00018,13.0,0.0,https://www.money.pl/gielda/spolki-gpw/plmstpl00018.html,MSP.WA,Mostostal Plock S.A.
Mostostal Warszawa SA,PLMSTWS00019,3.48,0.0,https://www.money.pl/gielda/spolki-gpw/plmstws00019.html,MSW.WA,Mostostal Warszawa S.A.
Mostostal Zabrze SA,PLMSTZB00018,6.36,0.03,https://www.money.pl/gielda/spolki-gpw/plmstzb00018.html,MSZ.WA,Mostostal Zabrze S.A.
Movie Games SA,PLMVGMS00011,5.92,0.0,https://www.money.pl/gielda/spolki-gpw/plmvgms00011.html,MOV.WA,Movie Games S.A.
MultiQure SA,PLPRBLG00010,1.66,0.0,https://www.money.pl/gielda/spolki-gpw/plprblg00010.html,MQR.WA,MultiQure S.A.
Murapol SA,PLMURPL00190,37.1,0.14,https://www.money.pl/gielda/spolki-gpw/plmurpl00190.html,MUR.WA,Murapol S.A.
NTT System SA,PLNTSYS00013,16.25,0.01,https://www.money.pl/gielda/spolki-gpw/plntsys00013.html,NTT.WA,NTT System S.A.
NanoGroup SA,PLNNGRP00011,2.5,0.01,https://www.money.pl/gielda/spolki-gpw/plnngrp00011.html,NNG.WA,NanoGroup S.A.
Neuca SA,PLTRFRM00018,710.0,0.18,https://www.money.pl/gielda/spolki-gpw/pltrfrm00018.html,NEU.WA,NEUCA S.A.
Newag SA,PLNEWAG00012,102.0,0.31,https://www.money.pl/gielda/spolki-gpw/plnewag00012.html,NWG.WA,Newag S.A.
Niewiadów Polska Grupa Militarna SA,PLVNTCP00019,16.65,0.06,https://www.money.pl/gielda/spolki-gpw/plvntcp00019.html,GNS.WA,Grupa Niewiadów - PGM S.A
Noctiluca SA,PLNCTLC00018,91.7,0.02,https://www.money.pl/gielda/spolki-gpw/plnctlc00018.html,NCL.WA,NOCTILUCA SPÓLKA AKCYJNA
Novavis Group SA,PLNFI0500012,0.6,0.0,https://www.money.pl/gielda/spolki-gpw/plnfi0500012.html,NVG.WA,Novavis Group S.A.
OT Logistics SA,PLODRTS00017,14.9,0.01,https://www.money.pl/gielda/spolki-gpw/plodrts00017.html,OTS.WA,OT Logistics S.A.
Odlewnie Polskie SA,PLODLPL00013,20.1,0.02,https://www.money.pl/gielda/spolki-gpw/plodlpl00013.html,ODL.WA,Odlewnie Polskie S.A.
Onde SA,PLONDE000018,8.42,0.02,https://www.money.pl/gielda/spolki-gpw/plonde000018.html,OND.WA,Onde S.A.
One More Level SA,PLLSRMD00018,2.51,0.02,https://www.money.pl/gielda/spolki-gpw/pllsrmd00018.html,OML.WA,One More Level S.A.
Oponeo.pl SA,PLOPNPL00013,108.0,0.07,https://www.money.pl/gielda/spolki-gpw/plopnpl00013.html,OPN.WA,Oponeo.pl S.A.
Orange Polska SA,PLTLKPL00017,13.08,1.15,https://www.money.pl/gielda/spolki-gpw/pltlkpl00017.html,OPL.WA,Orange Polska S.A.
Orlen SA,PLPKN0000018,148.6,9.5,https://www.money.pl/gielda/spolki-gpw/plpkn0000018.html,PKN.WA,Orlen S.A.
PCC Rokita SA,PLPCCRK00076,65.5,0.05,https://www.money.pl/gielda/spolki-gpw/plpccrk00076.html,PCR.WA,PCC Rokita SA
PCF Group SA,PLPCFGR00010,3.3,0.01,https://www.money.pl/gielda/spolki-gpw/plpcfgr00010.html,PCF.WA,PCF Group Spólka Akcyjna
PGE SA,PLPGER000010,14.09,1.64,https://www.money.pl/gielda/spolki-gpw/plpger000010.html,PGE.WA,PGE Polska Grupa Energetyczna S.A.
PGF Polska Grupa Fotowoltaiczna SA,PLZSTAL00012,1.34,0.01,https://www.money.pl/gielda/spolki-gpw/plzstal00012.html,PGV.WA,PGF Polska Grupa Fotowoltaiczna SA
PJP Makrum SA,PLPROJP00018,21.3,0.0,https://www.money.pl/gielda/spolki-gpw/plprojp00018.html,PJP.WA,PJP Makrum S.A.
PKO BP SA,PLPKO0000016,123.74,10.71,https://www.money.pl/gielda/spolki-gpw/plpko0000016.html,PKO.WA,Powszechna Kasa Oszczednosci Bank Polski Spólka Akcyjna
PMPG Polskie Media SA,PLPEKPL00010,1.92,0.0,https://www.money.pl/gielda/spolki-gpw/plpekpl00010.html,PGM.WA,PMPG Polskie Media SA
PTWP SA,PLPTWP000015,136.0,0.0,https://www.money.pl/gielda/spolki-gpw/plptwp000015.html,PTW.WA,Polskie Towarzystwo Wspierania Przedsiebiorczosci S.A.
PZU SA,PLPZU0000011,72.48,5.57,https://www.money.pl/gielda/spolki-gpw/plpzu0000011.html,PZU.WA,Powszechny Zaklad Ubezpieczen SA
Passus SA,PLPSSUS00018,168.2,0.02,https://www.money.pl/gielda/spolki-gpw/plpssus00018.html,PAS.WA,Passus S.A.
Pekabex SA,PLPKBEX00072,8.0,0.01,https://www.money.pl/gielda/spolki-gpw/plpkbex00072.html,PBX.WA,Pekabex S.A.
Pepco Group NV,NL0015000AU7,44.94,1.05,https://www.money.pl/gielda/spolki-gpw/nl0015000au7.html,PCO.WA,Pepco Group N.V.
Pepees SA,PLPEPES00018,0.78,0.0,https://www.money.pl/gielda/spolki-gpw/plpepes00018.html,PPS.WA,Pepees S.A.
Photon Energy NV,NL0010391108,1.18,0.0,https://www.money.pl/gielda/spolki-gpw/nl0010391108.html,PEN.WA,Photon Energy N.V.
PlayWay SA,PLPLAYW00015,238.0,0.04,https://www.money.pl/gielda/spolki-gpw/plplayw00015.html,PLW.WA,PlayWay S.A.
Plaza Centers NV,NL0011882741,1.47,0.0,https://www.money.pl/gielda/spolki-gpw/nl0011882741.html,,
Polenergia SA,PLPLSEP00013,50.4,0.12,https://www.money.pl/gielda/spolki-gpw/plplsep00013.html,PEP.WA,Polenergia S.A.
Police SA,PLZCPLC00036,7.3,0.02,https://www.money.pl/gielda/spolki-gpw/plzcplc00036.html,PCE.WA,Grupa Azoty Zaklady Chemiczne Police S.A.
Polimex Mostostal SA,PLMSTSD00019,7.12,0.09,https://www.money.pl/gielda/spolki-gpw/plmstsd00019.html,PXM.WA,Polimex-Mostostal S.A.
Polwax SA,PLPOLWX00026,0.9,0.0,https://www.money.pl/gielda/spolki-gpw/plpolwx00026.html,PWX.WA,Polwax S.A.
Prochem SA,PLPRCHM00014,19.8,0.0,https://www.money.pl/gielda/spolki-gpw/plprchm00014.html,PRM.WA,Prochem S.A.
Protektor SA,PLLZPSK00019,0.86,0.0,https://www.money.pl/gielda/spolki-gpw/pllzpsk00019.html,PRT.WA,Protektor S.A.
QNA Technology SA,PLQNTHL00017,34.9,0.01,https://www.money.pl/gielda/spolki-gpw/plqnthl00017.html,QNA.WA,QNA Technology S.A.
Quantum Software SA,PLQNTUM00018,43.8,0.0,https://www.money.pl/gielda/spolki-gpw/plqntum00018.html,QNT.WA,Quantum software S.A.
Quercus TFI SA,PLQRCUS00012,12.48,0.05,https://www.money.pl/gielda/spolki-gpw/plqrcus00012.html,QRS.WA,Quercus TFI S.A.
Rainbow Tours SA,PLRNBWT00031,122.5,0.21,https://www.money.pl/gielda/spolki-gpw/plrnbwt00031.html,RBW.WA,Rainbow Tours S.A.
Rawlplug SA,PLKLNR000017,15.8,0.02,https://www.money.pl/gielda/spolki-gpw/plklnr000017.html,RWL.WA,Rawlplug S.A.
Reino Capital SA,PLWDM0000029,1.48,0.01,https://www.money.pl/gielda/spolki-gpw/plwdm0000029.html,RNC.WA,REINO Capital S.A.
Remak-Energomontaż SA,PLREMAK00016,9.86,0.0,https://www.money.pl/gielda/spolki-gpw/plremak00016.html,RMK.WA,Remak-Energomontaz S.A.
Render Cube SA,PLRNDCB00011,69.0,0.0,https://www.money.pl/gielda/spolki-gpw/plrndcb00011.html,RND.WA,Render Cube S.A.
Rex Concepts SA,PLRXCNC00017,11.2,0.05,https://www.money.pl/gielda/spolki-gpw/plrxcnc00017.html,REX.WA,Rex Concepts S.A.
Robyg SA,PLROBYG00321,31.35,0.13,https://www.money.pl/gielda/spolki-gpw/plrobyg00321.html,ROB.WA,Robyg S.A.
Ryvu Therapeutics SA,PLSELVT00013,15.9,0.03,https://www.money.pl/gielda/spolki-gpw/plselvt00013.html,RVU.WA,Ryvu Therapeutics S.A.
Scanway SA,PLSCWAY00018,304.0,0.06,https://www.money.pl/gielda/spolki-gpw/plscway00018.html,SCW.WA,Scanway S.A.
Scope Fluidics SA,PLSCPFL00018,124.8,0.03,https://www.money.pl/gielda/spolki-gpw/plscpfl00018.html,SCP.WA,Scope Fluidics S.A.
Selena FM SA,PLSELNA00010,57.0,0.04,https://www.money.pl/gielda/spolki-gpw/plselna00010.html,SEL.WA,Selena FM S.A.
Selvita SA,PLSLVCR00029,20.3,0.04,https://www.money.pl/gielda/spolki-gpw/plslvcr00029.html,SLV.WA,Selvita S.A.
Sfinks Polska SA,PLSFNKS00011,0.42,0.0,https://www.money.pl/gielda/spolki-gpw/plsfnks00011.html,SFS.WA,Sfinks Polska S.A.
Silvair Inc.,USU827061099,4.0,0.0,https://www.money.pl/gielda/spolki-gpw/usu827061099.html,SVRS.WA,"Silvair, Inc."
Skarbiec Holding SA,PLSKRBH00014,38.5,0.01,https://www.money.pl/gielda/spolki-gpw/plskrbh00014.html,SKH.WA,Skarbiec Holding S.A.
Sonel SA,PLSONEL00011,12.2,0.01,https://www.money.pl/gielda/spolki-gpw/plsonel00011.html,SON.WA,Sonel S.A.
SpyroSoft SA,PLSPRSF00011,319.0,0.01,https://www.money.pl/gielda/spolki-gpw/plsprsf00011.html,SPR.WA,Spyrosoft Spólka Akcyjna
Stalexport Autostrady SA,PLSTLEX00019,1.77,0.02,https://www.money.pl/gielda/spolki-gpw/plstlex00019.html,STX.WA,Stalexport Autostrady S.A.
Stalprodukt SA,PLSTLPD00017,230.0,0.05,https://www.money.pl/gielda/spolki-gpw/plstlpd00017.html,STP.WA,Stalprodukt S.A.
Stalprofil SA,PLSTLPF00012,9.4,0.01,https://www.money.pl/gielda/spolki-gpw/plstlpf00012.html,STF.WA,Stalprofil S.A.
Sunex SA,PLSUNEX00013,3.01,0.0,https://www.money.pl/gielda/spolki-gpw/plsunex00013.html,SNX.WA,Sunex S.A.
Sygnity SA,PLCMPLD00016,83.9,0.05,https://www.money.pl/gielda/spolki-gpw/plcmpld00016.html,SGN.WA,Sygnity S.A.
Syn2Bio SA,PLSNBIO00013,68.9,0.05,https://www.money.pl/gielda/spolki-gpw/plsnbio00013.html,S2B.WA,Syn2bio S.A.
Synektik SA,PLSNKTK00019,351.2,0.34,https://www.money.pl/gielda/spolki-gpw/plsnktk00019.html,SNT.WA,Synektik Spólka Akcyjna
Synthaverse SA,PLBMDLB00018,2.91,0.02,https://www.money.pl/gielda/spolki-gpw/plbmdlb00018.html,SVE.WA,Synthaverse S.A.
Talex SA,PLTALEX00017,17.6,0.0,https://www.money.pl/gielda/spolki-gpw/pltalex00017.html,TLX.WA,Talex S.A.
Tarczyński SA,PLTRCZN00016,117.0,0.04,https://www.money.pl/gielda/spolki-gpw/pltrczn00016.html,TAR.WA,Tarczynski S.A.
Tatry Mountain Resorts a.s.,SK1120010287,75.0,0.0,https://www.money.pl/gielda/spolki-gpw/sk1120010287.html,TMR.WA,"Tatry mountain resorts, a.s."
Tauron PE SA,PLTAURN00011,9.02,1.27,https://www.money.pl/gielda/spolki-gpw/pltaurn00011.html,TPE.WA,TAURON Polska Energia S.A.
Tesgas SA,PLTSGS000019,1.64,0.0,https://www.money.pl/gielda/spolki-gpw/pltsgs000019.html,TSG.WA,Tesgas S.A.
Text SA,PLLVTSF00010,41.24,0.08,https://www.money.pl/gielda/spolki-gpw/pllvtsf00010.html,TXT.WA,Text S.A.
Torpol SA,PLTORPL00016,69.3,0.13,https://www.money.pl/gielda/spolki-gpw/pltorpl00016.html,TOR.WA,Torpol S.A.
Toya SA,PLTOYA000011,10.74,0.04,https://www.money.pl/gielda/spolki-gpw/pltoya000011.html,TOA.WA,TOYA S.A.
Trans Polonia SA,PLTRNSP00013,13.9,0.02,https://www.money.pl/gielda/spolki-gpw/pltrnsp00013.html,TRN.WA,Trans Polonia S.A.
Ulma Construccion Polska SA,PLBAUMA00017,51.5,0.01,https://www.money.pl/gielda/spolki-gpw/plbauma00017.html,ULM.WA,ULMA Construccion Polska S.A.
Ultimate Games SA,PLULTGM00013,12.8,0.0,https://www.money.pl/gielda/spolki-gpw/plultgm00013.html,ULG.WA,Ultimate Games S.A.
Unfold.vc ASI SA,PLVNTIN00011,1.52,0.0,https://www.money.pl/gielda/spolki-gpw/plvntin00011.html,UNF.WA,Unfold.vc ASI S.A.
Unibep SA,PLUNBEP00015,14.3,0.03,https://www.money.pl/gielda/spolki-gpw/plunbep00015.html,UNI.WA,UNIBEP S.A.
Unimot SA,PLUNMOT00013,153.8,0.05,https://www.money.pl/gielda/spolki-gpw/plunmot00013.html,UNT.WA,Unimot S.A.
Vercom SA,PLVRCM000016,129.8,0.23,https://www.money.pl/gielda/spolki-gpw/plvrcm000016.html,VRC.WA,Vercom S.A.
Vigo Photonics SA,PLVIGOS00015,520.0,0.05,https://www.money.pl/gielda/spolki-gpw/plvigos00015.html,VGO.WA,VIGO Photonics S.A.
Vivid Games SA,PLVVDGM00014,0.61,0.0,https://www.money.pl/gielda/spolki-gpw/plvvdgm00014.html,VVD.WA,Vivid Games S.A.
Votum SA,PLVOTUM00016,45.95,0.03,https://www.money.pl/gielda/spolki-gpw/plvotum00016.html,VOT.WA,Votum S.A.
Voxel SA,PLVOXEL00014,144.4,0.13,https://www.money.pl/gielda/spolki-gpw/plvoxel00014.html,VOX.WA,Voxel S.A.
WP Holding SA,PLWRTPL00027,57.9,0.11,https://www.money.pl/gielda/spolki-gpw/plwrtpl00027.html,WPL.WA,Wirtualna Polska Holding S.A.
Wasko SA,PLHOGA000041,6.08,0.01,https://www.money.pl/gielda/spolki-gpw/plhoga000041.html,WAS.WA,Wasko S.A.
Wawel SA,PLWAWEL00013,708.0,0.05,https://www.money.pl/gielda/spolki-gpw/plwawel00013.html,WWL.WA,Wawel S.A.
Wielton SA,PLWELTN00012,4.93,0.02,https://www.money.pl/gielda/spolki-gpw/plweltn00012.html,WLT.WA,Wielton S.A.
Wittchen SA,PLWTCHN00030,11.56,0.01,https://www.money.pl/gielda/spolki-gpw/plwtchn00030.html,WTN.WA,Wittchen S.A.
XTB SA,PLXTRDM00011,150.46,1.73,https://www.money.pl/gielda/spolki-gpw/plxtrdm00011.html,XTB.WA,XTB S.A.
XTPL SA,PLXTPL000018,74.1,0.02,https://www.money.pl/gielda/spolki-gpw/plxtpl000018.html,XTP.WA,XTPL S.A.
Yanosik SA,PLNEPTS00011,17.3,0.01,https://www.money.pl/gielda/spolki-gpw/plnepts00011.html,YAN.WA,Yanosik S.A.
ZE PAK SA,PLZEPAK00012,17.6,0.04,https://www.money.pl/gielda/spolki-gpw/plzepak00012.html,ZEP.WA,ZE PAK SA
ZM Ropczyce SA,PLROPCE00017,21.6,0.0,https://www.money.pl/gielda/spolki-gpw/plropce00017.html,RPC.WA,Zaklady Magnezytowe ROPCZYCE S.A.
ZPC Otmuchów SA,PLZPCOT00018,4.75,0.01,https://www.money.pl/gielda/spolki-gpw/plzpcot00018.html,OTM.WA,Zaklady Przemyslu Cukierniczego Otmuchów S.A.
ZUE SA,PLZUE0000015,12.3,0.01,https://www.money.pl/gielda/spolki-gpw/plzue0000015.html,ZUE.WA,ZUE S.A.
Zabka Group S.A. (Żabka),LU2910446546,31.62,2.25,https://www.money.pl/gielda/spolki-gpw/lu2910446546.html,ZAB.WA,Zabka Group S.A.
Zamet SA,PLZAMET00010,0.56,0.0,https://www.money.pl/gielda/spolki-gpw/plzamet00010.html,ZMT.WA,Zamet S.A.
Zremb-Chojnice SA,PLZBMZC00019,8.41,0.01,https://www.money.pl/gielda/spolki-gpw/plzbmzc00019.html,ZRE.WA,Zaklad Budowy Maszyn ZREMB - Chojnice S.A.
iFirma SA,PLPWRMD00011,21.4,0.01,https://www.money.pl/gielda/spolki-gpw/plpwrmd00011.html,IFI.WA,Ifirma SA
mBank SA,PLBRE0000012,1475.0,2.63,https://www.money.pl/gielda/spolki-gpw/plbre0000012.html,MBK.WA,mBank S.A.
mcr SA,PLMRCOR00016,15.0,0.01,https://www.money.pl/gielda/spolki-gpw/plmrcor00016.html,MCR.WA,mcr Spolka Akcyjna
Śnieżka SA,PLSNZKA00033,84.0,0.06,https://www.money.pl/gielda/spolki-gpw/plsnzka00033.html,SKA.WA,Fabryka Farb i Lakierów Sniezka SA
