company_name,isin,symbol,date,close,sma200,mom12,adv60_pln,trend_ok,current_wig_share_pct
11 bit studios SA,PL11BTS00015,11B.WA,2026-09-28,118.0,140.10949989318848,-0.34151784592897294,720568.5,False,0.04
3R Games SA,PLGRNKT00019,3RG.WA,2026-09-28,0.7099999785423279,0.7055000013113022,-0.18390807511390994,19669.14003172517,False,0.0
4Mass SA,PL4MASS00011,4MS.WA,2026-09-28,5.590000152587891,4.731574981212616,0.22319473580144367,70246.1499300003,False,0.01
AB SA,PLAB00000019,ABE.WA,2026-09-28,150.8000030517578,131.18349998474122,0.582371439902869,718965.0,False,0.32
AC SA,PLACSA000014,ACG.WA,2026-09-28,22.0,21.419250040054322,-0.16666665462532415,17127.350150108337,False,0.02
APS Energia SA,PLAPSEN00011,APE.WA,2026-09-28,4.690000057220459,3.9242999970912935,0.542763196076383,100201.90238666534,False,0.0
ASBISc Enterprises plc,CY1000031710,ASB.WA,2026-09-28,170.39999389648438,77.01384989738465,5.147186079272081,31416870.64430237,True,0.83
ASM Group SA,PLASMGR00014,ASM.WA,2026-09-28,0.16300000250339508,0.2439150009304285,-0.32083330772196195,56662.043492525816,False,0.0
ATM Grupa SA,PLATM0000021,ATG.WA,2026-09-28,3.6500000953674316,3.831500037908554,-0.03439150185351525,83421.89729297161,False,0.02
Action SA,PLACTIN00018,ACT.WA,2026-09-28,42.95000076293945,35.52149998664856,0.5996275662096819,397321.94319725037,False,0.02
Adatex SA,PLPIK0000018,ADX.WA,2026-09-28,1.4299999475479126,1.3504500049352646,0.025089582150497947,3730.024999678135,False,0.0
Agora SA,PLAGORA00067,AGO.WA,2026-09-28,10.699999809265137,8.995400023460387,0.20224722111079285,207012.8021774292,False,0.05
Ailleron SA,PLWNDMB00010,ALL.WA,2026-09-28,15.220000267028809,16.54189995765686,-0.15818582238638645,73261.25881147385,False,0.01
Airway Medix SA,PLAIRWY00017,AWM.WA,2026-09-28,0.2554999887943268,0.2932049997895956,-0.3448717995743311,29824.269980207086,False,0.0
Alior Bank SA,PLALIOR00045,ALR.WA,2026-09-28,138.75,124.63749988555908,0.3309352517985611,25294277.709594727,True,1.66
Allegro.eu S.A.,LU2237380790,ALE.WA,2026-09-28,49.86000061035156,35.206175088882446,0.43214139241989,211549145.37399292,True,6.94
Alta SA,PLTRNSU00013,AAT.WA,2026-09-28,1.6699999570846558,1.624625000357628,-0.13471502462660156,8450.56496733427,False,0.0
Altus SA,PLATTFI00018,ALI.WA,2026-09-28,3.630000114440918,3.1999500012397766,0.23050849347989844,8173.945085883141,False,0.01
AmRest Holdings SE,ES0105375002,EAT.WA,2026-09-28,9.800000190734863,11.556900010108947,-0.3269230832211162,408510.5422439575,False,0.06
Ambra SA,PLAMBRA00013,AMB.WA,2026-09-28,19.31999969482422,18.04790005683899,0.024390194569780643,82338.3005361557,False,0.03
Amica SA,PLAMICA00010,AMC.WA,2026-09-28,46.900001525878906,53.423250122070314,-0.19691780307409723,525029.6374988556,False,0.03
Answear.com SA,PLANSWR00019,ANR.WA,2026-09-28,21.5,20.598999996185302,-0.30868168050537015,155462.37895584106,False,0.02
Apator SA,PLAPATR00018,APT.WA,2026-09-28,24.850000381469727,25.427000055313112,0.02685948752223588,237456.39669799805,False,0.07
Aplisens SA,PLAPLS000016,APN.WA,2026-09-28,18.450000762939453,18.478500032424925,0.0027174535568372793,6533.500065803528,False,0.01
Archicom SA,PLARHCM00016,ARH.WA,2026-09-28,50.20000076293945,50.054499855041506,0.02448981148856033,80193.24822044373,False,0.11
Arctic Paper SA,PLARTPR00012,ATC.WA,2026-09-28,5.900000095367432,7.1802500104904174,-0.2967819006034974,157659.05712032318,False,0.02
Arlen SA,PLARLEN00012,ARL.WA,2026-09-28,22.899999618530273,28.093499937057494,-0.47113163921420764,119406.49950027466,False,0.03
Artifex Mundi SA,PLARTFX00011,ART.WA,2026-09-28,21.149999618530273,18.990150032043456,0.41188252769284395,285785.9698781967,False,0.02
Asseco Business Solutions SA,PLABS0000018,ABS.WA,2026-09-28,85.5999984741211,85.02700008392334,0.002341884597994781,106758.60194396973,False,0.21
Asseco Poland SA,PLSOFTB00016,ACP.WA,2026-09-28,218.5,198.50774963378908,0.05555555555555558,27977717.256713867,True,1.63
Asseco SEE SA,PLASSEE00014,ASE.WA,2026-09-28,75.69999694824219,66.91800003051758,0.16104295232306876,267880.50406455994,False,0.26
Astarta Holding PLC,NL0000686509,AST.WA,2026-09-28,37.0,46.104250049591066,-0.1832229443012927,231370.3081817627,False,0.03
Atal SA,PLATAL000046,1AT.WA,2026-09-28,60.400001525878906,58.78250003814697,0.05964914957682299,574526.407699585,False,0.08
Atende SA,PLATMSI00016,ATD.WA,2026-09-28,5.179999828338623,3.515200002193451,0.3631578666681725,103532.81202292442,False,0.01
Atlanta Poland SA,PLATLPL00018,ATP.WA,2026-09-28,22.5,19.274250001907347,0.3313609767972727,10510.45000076294,False,0.0
Atrem SA,PLATREM00017,ATR.WA,2026-09-28,54.79999923706055,57.28025014877319,0.04580148170408638,481215.29413986206,False,0.02
Auto Partner SA,PLATPRT00018,APR.WA,2026-09-28,30.0,23.09140000343323,0.5608741452532373,4205972.942349434,True,0.3
BNP Paribas Bank Polska SA,PLBGZ0000010,BNP.WA,2026-09-28,168.1999969482422,147.3534999847412,0.6330096791091475,2136988.5814971924,True,0.83
BOŚ SA,PLBOS0000019,BOS.WA,2026-09-28,10.260000228881836,10.223100023269653,-0.08880994490879368,162693.98904275894,False,0.04
Bank Handlowy w Warszawie SA,PLBH00000012,BHW.WA,2026-09-28,122.4000015258789,117.6889998626709,0.1679389118474448,4052374.025314331,True,0.54
Bank Millennium SA,PLBIG0000016,MIL.WA,2026-09-28,23.520000457763672,18.75945007324219,0.5956581291031773,13374364.64925003,True,1.9
Bank Pekao SA,PLPEKAO00016,PEO.WA,2026-09-28,280.0,233.91299995422364,0.5832625973227707,120390869.60517883,True,6.6
Benefit Systems SA,PLBNFTS00018,BFT.WA,2026-09-28,5120.0,4369.105,0.673202614379085,23244365.0,True,2.09
Betacom SA,PLBTCOM00016,BCM.WA,2026-09-28,5.139999866485596,5.086499936580658,-0.011538450957754964,695.3899781703949,False,0.0
Big Cheese Studio SA,PLA340200015,BCS.WA,2026-09-28,3.9800000190734863,7.54042497754097,-0.6961832134979711,24190.200323581696,False,0.0
Bioceltix SA,PLBCLTX00019,BCX.WA,2026-09-28,74.9000015258789,82.73600017547608,-0.3013059360249629,332651.3909378052,False,0.04
Bioton SA,PLBIOTN00029,BIO.WA,2026-09-28,3.8299999237060547,4.00342500448227,-0.1582418102959513,87420.28944015503,False,0.02
Bloober Team SA,PLBLOBR00014,BLO.WA,2026-09-28,21.850000381469727,24.462749977111816,-0.11895157041708337,198017.99842262268,False,0.04
BoomBit SA,PLBMBIT00010,BBT.WA,2026-09-28,5.380000114440918,6.0416000151634215,-0.1921921565011092,11956.880234718323,False,0.0
Boryszew SA,PLBRSZW00011,BRS.WA,2026-09-28,4.885000228881836,5.107200009822845,-0.16352737992358846,556444.2235677242,False,0.04
Bowim SA,PLBOWM000019,BOW.WA,2026-09-28,7.340000152587891,6.819100012779236,0.491869926578709,66296.1091632843,False,0.0
Budimex SA,PLBUDMX00013,BDX.WA,2026-09-28,691.7999877929688,703.412999572754,0.3237658249358406,20172958.742126465,False,1.18
Bumech Defense Partners SA,PLCPTLP00015,BDF.WA,2026-09-28,8.600000381469727,3.0678944748640062,31.5757591972338,1222425.2152597904,True,0.01
Bumech SA,PLBMECH00012,BMC.WA,2026-09-28,13.5,19.340449962615967,-0.5686900853334393,1316603.4750900269,False,0.02
CD Projekt Red SA,PLOPTTC00011,CDR.WA,2026-09-28,245.1999969482422,246.3775,-0.03843138451669725,68450085.64848328,False,2.34
CDRL SA,PLCDRL000043,CDL.WA,2026-09-28,12.5,9.557750022411346,0.21359221053647137,13762.850090503693,False,0.0
CI Games SE,PLCTINT00018,CIG.WA,2026-09-28,2.369999885559082,2.6437500047683717,-0.18835622478233693,397649.3706943989,False,0.04
Capitea SA,PLGTBCK00297,CAP.WA,2026-09-28,0.4580000042915344,0.4552375000715256,0.07764703869407219,64321.93273422122,False,0.0
Caspar AM SA,PLCSPAM00017,CSR.WA,2026-09-28,7.849999904632568,5.621199984550476,0.9240196204469646,1041.5000097751617,False,0.0
Celon Pharma SA,PLCLNPH00015,CLN.WA,2026-09-28,19.5,20.986499977111816,-0.10550455585110707,179547.29677391052,False,0.05
Cloud Technologies SA,PLCLDTC00019,CLD.WA,2026-09-28,119.0,80.93599985122681,1.4285714285714284,137524.69659423828,False,0.02
Coal Energy SA,LU0646112838,CLE.WA,2026-09-28,1.9179999828338623,2.3313350045681,-0.2623076718516596,85728.86025649309,False,0.0
Cognor Holding SA,PLCNTSL00014,COG.WA,2026-09-28,5.75,5.510300011634826,-0.14179102034472058,1338940.921611786,False,0.08
Columbus Energy SA,PLSTIGR00012,CLC.WA,2026-09-28,2.740000009536743,3.75147500872612,-0.5440931938123201,72282.14491736889,False,0.01
Comp SA,PLCMP0000017,CMP.WA,2026-09-28,95.9000015258789,72.84,0.5983333587646484,703208.1055107117,False,0.25
Compremum SA,PLPZBDT00013,CPR.WA,2026-09-28,1.315000057220459,1.2217600005865097,0.4355895686666975,36480.36057025194,False,0.0
Creepy Jar SA,PLCRPJR00019,CRJ.WA,2026-09-28,452.0,549.215,0.01118568232662187,712209.0,False,0.03
Creotech Instruments SA,PLCRTCH00017,CRI.WA,2026-09-28,770.0,674.5925,1.271386430678466,7022008.0,True,0.3
Cyber_Folks SA,PLR220000018,CBF.WA,2026-09-28,200.8000030517578,191.9295002746582,0.0590717119604276,2707194.2217025757,True,0.25
Cyfrowy Polsat SA,PLCFRPT00013,CPS.WA,2026-09-28,15.859999656677246,14.35292498588562,0.17177686261368352,8046246.617298126,True,0.55
Dadelo SA,PLDADEL00013,DAD.WA,2026-09-28,99.80000305175781,75.85050024032593,0.6633333841959634,691713.941745758,False,0.05
DataWalk SA,PLPILAB00012,DAT.WA,2026-09-28,119.0,132.04959983825682,0.1928628453465322,908323.0,False,0.09
Decora SA,PLDECOR00013,DCR.WA,2026-09-28,89.0,75.86350040435791,0.14987077836481189,102842.8018875122,False,0.06
Dekpol SA,PLDEKPL00032,DEK.WA,2026-09-28,61.599998474121094,77.08800022125244,-0.2241813943285158,65042.200050354004,False,0.01
Delko SA,PLDELKO00019,DEL.WA,2026-09-28,6.03000020980835,6.329700002670288,-0.06944441480564656,16613.525054454803,False,0.0
Develia SA,PLLCCRP00017,DVL.WA,2026-09-28,9.100000381469727,9.88684998035431,0.13750004768371582,1658235.7807102203,False,0.57
Diagnostyka SA,PLDGNST00012,DIA.WA,2026-09-28,163.0,172.07450004577638,-0.22343971062530799,4066470.276763916,False,0.39
Digital Network SA,PL4FNMD00013,DIG.WA,2026-09-28,373.0,226.84800003051757,2.806122448979592,2948692.5680999756,True,0.1
Dino Polska SA,PLDINPL00011,DNP.WA,2026-09-28,34.59000015258789,34.953899984359744,-0.23760191829585853,133991864.0791378,False,2.22
Dom Development SA,PLDMDVL00012,DOM.WA,2026-09-28,225.0,252.2975,-0.019607843137254943,1590267.75,False,0.31
ECB SA,PLECBDZ00013,ECB.WA,2026-09-28,20.049999237060547,21.29939994812012,-0.28392859867640907,22005.0,False,0.0
Echo Investment SA,PLECHPS00019,ECH.WA,2026-09-28,5.389999866485596,5.164150006771088,-0.054385956693480564,77848.02388334274,False,0.11
Elektrotim SA,PLELEKT00016,ELT.WA,2026-09-28,61.849998474121094,55.106750049591064,0.21037182624269923,1291578.2171707153,True,0.06
Elkop Estonia SE,EE0000000453,EKP.WA,2026-09-28,1.9299999475479126,1.8974999928474425,-0.16450216651277827,1954.5949345827103,False,0.0
Enea SA,PLENEA000013,ENA.WA,2026-09-28,19.5,21.105299978256227,0.11940298017200512,5333379.888864517,False,0.7
Enel-Med SA,PLENLMD00017,ENE.WA,2026-09-28,20.0,19.887500085830688,0.05263157894736836,3373.4001274108887,False,0.04
Energoinstal SA,PLERGIN00015,ENI.WA,2026-09-28,1.7200000286102295,2.1634250032901763,-0.358208960535054,7560.354821741581,False,0.0
Enter Air SA,PLENTER00017,ENT.WA,2026-09-28,49.099998474121094,55.3070000076294,-0.12007169990227406,576654.3454036713,False,0.07
Erbud SA,PLERBUD00012,ERB.WA,2026-09-28,18.719999313354492,26.285799932479858,-0.42664629591160275,159414.3485479355,False,0.01
Erste Bank Polska SA,PLBZ00000044,EBP.WA,2026-09-28,788.2000122070312,631.0335011291504,0.675951589762757,47278034.49865723,True,4.5
Esotiq&Henderson SA,PLESTHN00018,EAH.WA,2026-09-28,34.29999923706055,33.48800008773804,-0.21330274225997026,130637.8043422699,False,0.0
Eurocash SA,PLEURCH00011,EUR.WA,2026-09-28,5.170000076293945,5.718534994125366,-0.364474501434087,1001666.0478775501,False,0.05
Eurotel SA,PLERTEL00011,ETL.WA,2026-09-28,29.649999618530273,29.331249990463256,-0.055732484753511335,72559.40045928955,False,0.01
Fabrity SA,PLK2ITR00010,FAB.WA,2026-09-28,25.799999237060547,25.925499906539915,-0.04089220806947458,17112.900126457214,False,0.0
Ferro SA,PLFERRO00016,FRO.WA,2026-09-28,31.200000762939453,31.068999967575074,0.016286644546393392,315042.65348625183,False,0.09
GK Immobile SA,PLMAKRM00019,GKI.WA,2026-09-28,4.71999979019165,4.570799989700317,0.3882351934703605,52177.198029756546,False,0.01
GPW SA,PLGPW0000017,GPW.WA,2026-09-28,99.0,83.40500001907348,0.7537643695657037,8612999.061035156,True,0.36
Gaming Factory SA,PLGMNGF00017,GIF.WA,2026-09-28,4.070000171661377,5.302750008106232,-0.3833332984134399,17138.65475511551,False,0.0
Genomtec SA,PLGNMTC00017,GMT.WA,2026-09-28,3.3350000381469727,4.5282249975204465,-0.5235714231218611,70093.48537421227,False,0.01
Getin Holding SA,PLGSPR000014,GTN.WA,2026-09-28,0.30000001192092896,0.4721999996900558,-0.4174756888271727,45853.432950630784,False,0.0
Grodno SA,PLGRODN00015,GRN.WA,2026-09-28,14.350000381469727,15.055249977111817,0.3537735721741597,149363.99802684784,False,0.01
Grupa Azoty SA,PLZATRM00012,ATT.WA,2026-09-28,19.209999084472656,19.383149976730348,0.02235221652374908,5637233.123764992,False,0.12
Grupa Forte SA,PLFORTE00012,FTE.WA,2026-09-28,15.600000381469727,19.952000031471254,-0.4222222080937138,34423.32437610626,False,0.03
Grupa Kęty SA,PLKETY000011,KTY.WA,2026-09-28,1272.0,1129.6075,0.38035811177428114,24144304.5,True,1.7
Grupa Pracuj SA,PLGRPRC00015,GPP.WA,2026-09-28,57.099998474121094,47.491250076293944,-0.13089800416423292,932346.6805458069,False,0.17
Grupa Virtus SA,PLIQPRT00017,GVT.WA,2026-09-28,1.2999999523162842,1.3399650001525878,1.4074072234424615,179984.56858420372,False,0.01
Harper Hygienics SA,PLHRPHG00023,HRP.WA,2026-09-28,4.960000038146973,5.2672499394416805,-0.2790697738890907,6551.210101366043,False,0.0
Helio SA,PLHELIO00014,HEL.WA,2026-09-28,57.400001525878906,48.73150003433228,1.0140351412589088,15863.5,False,0.0
Herkules SA,PLZRWZW00012,HRS.WA,2026-09-28,1.399999976158142,1.36894999563694,0.16666660043928627,15686.944911122322,False,0.0
"Huuuge, Inc.",US44853H1086,HUG.WA,2026-09-28,22.5,22.72575001716614,-0.02597404205893572,210758.03212738037,False,0.06
Hydrotor SA,PLHDRTR00013,HDR.WA,2026-09-28,9.0600004196167,13.92115002155304,-0.504917989216705,10164.0,False,0.0
IMC S.A.,LU0607203980,IMC.WA,2026-09-28,30.450000762939453,32.91350008964539,0.19881894567923575,42827.350496292114,False,0.03
INC SA,PLINCLT00015,INC.WA,2026-09-28,1.4299999475479126,1.7435249924659728,-0.18980172286804986,35692.550257861614,False,0.0
ING Bank Śląski SA,PLBSK0000017,ING.WA,2026-09-28,473.20001220703125,418.1629997253418,0.5438825846885196,7206706.005889893,True,2.09
Imperio ASI SA,PLNFI0700018,IMP.WA,2026-09-28,1.399999976158142,1.5178000026941298,-0.11949688882504406,669.8650024533272,False,0.0
Inpro SA,PLINPRO00015,INP.WA,2026-09-28,7.150000095367432,7.916999971866607,-0.10624998807907104,4246.850081443787,False,0.01
Instal Kraków SA,PLINSTK00013,INK.WA,2026-09-28,35.599998474121094,37.9825,-0.03523043355014732,47686.5,False,0.02
Inter Cars SA,PLINTCS00010,CAR.WA,2026-09-28,933.0,760.475,0.6690518783542039,3206252.0,True,1.16
Ipopema Securities SA,PLIPOPM00011,IPE.WA,2026-09-28,8.899999618530273,6.453299986124039,2.0375424627141423,58426.59920668602,False,0.02
Izolacja Jarocin SA,PLIZCJR00017,IZO.WA,2026-09-28,3.859999895095825,3.9128000009059907,-0.06763284551201199,544.1499978303909,False,0.0
Izostal SA,PLIZSTL00015,IZS.WA,2026-09-28,3.069999933242798,3.1286499977111815,-0.08358208339127737,62176.199051856995,False,0.01
JSW SA,PLJSW0000015,JSW.WA,2026-09-28,31.5,28.207800064086914,0.20689653408450237,12833335.513057709,True,0.23
KCI SA,PLPONAR00012,KCI.WA,2026-09-28,0.9240000247955322,0.8954100012779236,0.002169234137842979,5123.518045902252,False,0.0
KGHM Polska Miedź SA,PLKGHM000017,KGH.WA,2026-09-28,321.5,319.7902500152588,1.1095801369806781,230848762.25,True,5.92
Kino Polska TV SA,PLKNOPL00014,KPL.WA,2026-09-28,18.25,20.47049998283386,0.019553094353555345,292641.40587615967,False,0.01
Kogeneracja SA,PLKGNRC00015,KGN.WA,2026-09-28,76.9000015258789,73.20050029754638,0.3373913308848506,360766.5499763489,False,0.06
Komputronik SA ,PLKMPTR00012,KOM.WA,2026-09-28,6.03000020980835,6.228700008392334,0.12921349016929673,15308.729721546173,False,0.0
Kruk SA,PLKRK0000010,KRU.WA,2026-09-28,381.1000061035156,442.3235011291504,-0.20504795378490226,13892450.492492676,False,0.92
LPP SA,PLLPP0000011,LPP.WA,2026-09-28,24820.0,20909.45,0.3823447507658033,63140310.0,True,4.3
LW Bogdanka SA,PLLWBGD00016,LWB.WA,2026-09-28,24.899999618530273,22.67519994735718,0.044025124539467386,1791202.3635311127,True,0.04
Larq SA,PLCAMMD00032,LRQ.WA,2026-09-28,2.9200000762939453,2.2747000008821487,0.40384624201870856,18007.24022102356,False,0.0
Lena Lighting SA,PLLENAL00015,LEN.WA,2026-09-28,2.059999942779541,2.3178500044345856,-0.28719727750741886,6492.089939951897,False,0.0
Less SA,PLINTGR00013,LES.WA,2026-09-28,0.15549999475479126,0.23170999944210052,-0.3438818882424244,2342.13200224936,False,0.0
Libet SA,PLLBT0000013,LBT.WA,2026-09-28,1.25,1.3412000113725662,-0.18300652067034584,5487.945118129253,False,0.0
Lubawa SA,PLLUBAW00013,LBW.WA,2026-09-28,11.680000305175781,10.140124971866607,0.11877402055862474,3431761.0665359497,True,0.12
MCI Capital ASI SA,PLMCIMG00012,MCI.WA,2026-09-28,26.799999237060547,28.01200008392334,-0.08532423430365954,83190.1483335495,False,0.05
MDI Energia SA,PLNFI1000012,MDI.WA,2026-09-28,2.069999933242798,1.414990001320839,1.1562499786571907,189040.34121394157,False,0.0
MFO SA,PLMFO0000013,MFO.WA,2026-09-28,31.799999237060547,33.14499989509582,-0.05357140829773899,41222.800273895264,False,0.01
ML System SA,PLMLSTM00015,MLS.WA,2026-09-28,13.5,15.483899974822998,-0.1738066172623688,77501.60049676895,False,0.01
MLP Group SA,PLMLPGR00017,MLG.WA,2026-09-28,115.0,101.8845001220703,0.5710383168637767,54535.0,False,0.14
Mabion SA,PLMBION00016,MAB.WA,2026-09-28,7.699999809265137,7.854999980926514,-0.13966480744569254,141067.13552808762,False,0.01
Makarony Polskie SA,PLMKRNP00015,MAK.WA,2026-09-28,24.450000762939453,23.246499967575073,0.04264392185352972,74042.05057144165,False,0.01
Mangata Holding SA,PLZTKMA00017,MGT.WA,2026-09-28,61.20000076293945,66.0239999961853,0.0812721274351551,12908.400161743164,False,0.02
Marvipol Development SA,PLMRVDV00011,MVP.WA,2026-09-28,8.15999984741211,8.864399981498718,-0.062068962493303736,37288.04015636444,False,0.01
Medicalgorithmics SA,PLMDCLG00015,MDG.WA,2026-09-28,25.299999237060547,29.14925005912781,-0.3659148303377604,546431.8092784882,False,0.03
Medinice SA,PLMDNCE00016,ICE.WA,2026-09-28,56.099998474121094,57.17145003318787,3.5609754149743145,1271528.4635925293,False,0.07
Mennica Polska SA,PLMNNCP00011,MNC.WA,2026-09-28,39.099998474121094,43.57000005722046,0.22570529597776035,113506.2477684021,False,0.11
Mercator Medical SA,PLMRCTR00015,MRC.WA,2026-09-28,59.0,49.153500118255614,0.3424345614517341,318475.7431964874,False,0.03
Mex Polska SA,PLMEXPL00010,MEX.WA,2026-09-28,3.2799999713897705,3.764550030231476,-0.04651165208409025,4101.165019154549,False,0.0
Miraculum SA,PLKLSTN00017,MIR.WA,2026-09-28,0.5799999833106995,0.6433200034499168,-0.2926829410124082,2755.4641150534153,False,0.0
Mirbud SA,PLMRBUD00015,MRB.WA,2026-09-28,11.300000190734863,12.167000012397766,-0.17698466369399957,1433188.8000454903,False,0.1
Mo-Bruk SA,PLMOBRK00013,MBR.WA,2026-09-28,397.5,362.725,0.4221824686940967,1501992.25,True,0.15
Modivo SA,PLCCC0000016,MDV.WA,2026-09-28,89.55999755859375,98.3822498703003,-0.5293746919476654,23247366.94985962,False,0.62
Molecure SA,PLONCTH00011,MOC.WA,2026-09-28,6.71999979019165,6.335699987411499,-0.1004016092456621,189390.5688481331,False,0.02
Monnari Trade SA,PLMNRTR00012,MON.WA,2026-09-28,5.0,6.062900018692017,0.07526879515147877,21916.009912252426,False,0.01
Mostostal Płock SA,PLMSTPL00018,MSP.WA,2026-09-28,13.0,13.660999984741212,-0.09090910303463828,5205.0998878479,False,0.0
Mostostal Warszawa SA,PLMSTWS00019,MSW.WA,2026-09-28,3.4800000190734863,5.3264000129699705,-0.5193369987446801,19406.375264406204,False,0.0
Mostostal Zabrze SA,PLMSTZB00018,MSZ.WA,2026-09-28,6.340000152587891,6.346199994087219,0.004754391454896645,104335.8678021431,False,0.03
Movie Games SA,PLMVGMS00011,MOV.WA,2026-09-28,5.949999809265137,7.675799975395202,-0.5539730328930418,23467.794741630554,False,0.0
MultiQure SA,PLPRBLG00010,MQR.WA,2026-09-28,1.6319999694824219,2.711900007724762,-0.7382518148299488,305452.6968880892,False,0.0
Murapol SA,PLMURPL00190,MUR.WA,2026-09-28,37.0,39.93875007629394,-0.005376364484882101,804898.4838294983,False,0.14
NTT System SA,PLNTSYS00013,NTT.WA,2026-09-28,16.200000762939453,12.856800055503845,0.5428572155180431,79598.52596569061,False,0.01
NanoGroup SA,PLNNGRP00011,NNG.WA,2026-09-28,2.5,2.4968000018596648,-0.09747291797316315,62778.52078008652,False,0.01
Neuca SA,PLTRFRM00018,NEU.WA,2026-09-28,705.0,749.0,0.014388489208633004,2169213.0,False,0.18
Newag SA,PLNEWAG00012,NWG.WA,2026-09-28,101.80000305175781,103.8020002746582,0.1976470947265625,1276680.3216400146,False,0.31
Niewiadów Polska Grupa Militarna SA,PLVNTCP00019,GNS.WA,2026-09-28,16.899999618530273,15.208049969673157,0.043209803865700946,1736676.960987091,True,0.06
Noctiluca SA,PLNCTLC00018,NCL.WA,2026-09-28,92.4000015258789,95.27850028991699,-0.13644858387029057,136254.09783172607,False,0.02
Novavis Group SA,PLNFI0500012,NVG.WA,2026-09-28,0.6010000109672546,0.7898099982738495,-0.5230158607014843,6661.460992187262,False,0.0
OT Logistics SA,PLODRTS00017,OTS.WA,2026-09-28,14.739999771118164,14.306199998855591,0.05436339440396454,33162.4104347229,False,0.01
Odlewnie Polskie SA,PLODLPL00013,ODL.WA,2026-09-28,19.899999618530273,17.969400000572204,1.1215351146844186,268974.35280132294,False,0.02
Onde SA,PLONDE000018,OND.WA,2026-09-28,8.600000381469727,8.849250009059906,-0.07922909625575625,147238.3089580536,False,0.02
One More Level SA,PLLSRMD00018,OML.WA,2026-09-28,2.690000057220459,2.4344500070810318,-0.059440504933889304,241041.3768825531,False,0.02
Oponeo.pl SA,PLOPNPL00013,OPN.WA,2026-09-28,108.0,94.93650009155273,0.23006829437505094,560227.4911956787,False,0.07
Orange Polska SA,PLTLKPL00017,OPL.WA,2026-09-28,13.0,13.66588496685028,0.4877546492169076,15277380.603458405,False,1.15
Orlen SA,PLPKN0000018,PKN.WA,2026-09-28,150.63999938964844,130.64184967041015,0.7033016195295931,207164288.1206665,True,9.5
PCC Rokita SA,PLPCCRK00076,PCR.WA,2026-09-28,65.69999694824219,67.65799980163574,-0.04087595695996804,495107.18296813965,False,0.05
PCF Group SA,PLPCFGR00010,PCF.WA,2026-09-28,3.2899999618530273,3.5425499951839448,-0.17750000953674316,64287.18099689484,False,0.01
PGE SA,PLPGER000010,PGE.WA,2026-09-28,13.550000190734863,10.370774989128114,0.2634032362503287,36816686.985238075,True,1.64
PGF Polska Grupa Fotowoltaiczna SA,PLZSTAL00012,PGV.WA,2026-09-28,1.2799999713897705,0.5854124996066093,1.7526880893449266,30031.407431051135,False,0.01
PJP Makrum SA,PLPROJP00018,PJP.WA,2026-09-28,22.200000762939453,18.98749997615814,0.4800000508626303,14521.250284194946,False,0.0
PKO BP SA,PLPKO0000016,PKO.WA,2026-09-28,124.36000061035156,99.54874977111817,0.7903829866037453,255369186.3357849,True,10.71
PMPG Polskie Media SA,PLPEKPL00010,PGM.WA,2026-09-28,1.9199999570846558,1.8683000081777572,-0.09859161787481074,90.23999786376953,False,0.0
PTWP SA,PLPTWP000015,PTW.WA,2026-09-28,136.0,136.045,-0.04225352112676062,4870.25,False,0.0
PZU SA,PLPZU0000011,PZU.WA,2026-09-28,72.81999969482422,68.26810012817383,0.28884955212078256,111214313.73406601,True,5.57
Passus SA,PLPSSUS00018,PAS.WA,2026-09-28,169.0,128.87350025177003,0.8819598469567298,512535.014957428,False,0.02
Pekabex SA,PLPKBEX00072,PBX.WA,2026-09-28,8.039999961853027,10.354300007820129,-0.47792206746688615,148250.51964569092,False,0.01
Pepco Group NV,NL0015000AU7,PCO.WA,2026-09-28,43.75,34.12694993972778,0.9557442270305823,50645185.07050705,True,1.05
Pepees SA,PLPEPES00018,PPS.WA,2026-09-28,0.7699999809265137,0.8337999984622002,-0.14444444297272474,946.1719863116741,False,0.0
Photon Energy NV,NL0010391108,PEN.WA,2026-09-28,1.2000000476837158,1.392824999690056,-0.5876288617561454,4924.829848587513,False,0.0
PlayWay SA,PLPLAYW00015,PLW.WA,2026-09-28,238.0,247.7075,-0.1619718309859155,441114.0,False,0.04
Polenergia SA,PLPLSEP00013,PEP.WA,2026-09-28,51.099998474121094,54.65025001525879,-0.13389833094710013,379472.0,False,0.12
Police SA,PLZCPLC00036,PCE.WA,2026-09-28,7.239999771118164,7.512600030899048,-0.1522248473702319,15018.640432834625,False,0.02
Polimex Mostostal SA,PLMSTSD00019,PXM.WA,2026-09-28,7.039999961853027,7.876500008106231,-0.01538463385275679,3994413.297994852,False,0.09
Polwax SA,PLPOLWX00026,PWX.WA,2026-09-28,0.9419999718666077,1.0991049990057946,-0.3503448683526641,7373.46089181304,False,0.0
Prochem SA,PLPRCHM00014,PRM.WA,2026-09-28,20.200000762939453,23.77449996948242,-0.042654009585737396,3333.4498805999756,False,0.0
Protektor SA,PLLZPSK00019,PRT.WA,2026-09-28,0.8759999871253967,1.1600212320685386,-0.523913059111804,50669.9455512166,False,0.0
QNA Technology SA,PLQNTHL00017,QNA.WA,2026-09-28,34.0,39.027500009536745,0.1038961312404516,34234.9493560791,False,0.01
Quantum Software SA,PLQNTUM00018,QNT.WA,2026-09-28,42.0,33.17599991798401,0.6799999999999999,5212.6998863220215,False,0.0
Quercus TFI SA,PLQRCUS00012,QRS.WA,2026-09-28,12.699999809265137,12.461749968528748,0.13901347477706683,298496.73710489273,False,0.05
Rainbow Tours SA,PLRNBWT00031,RBW.WA,2026-09-28,118.19999694824219,144.4314998626709,-0.10792455133402123,2946768.5371551514,False,0.21
Rawlplug SA,PLKLNR000017,RWL.WA,2026-09-28,15.800000190734863,14.184000010490417,0.10877194320946404,8571.450051784515,False,0.02
Reino Capital SA,PLWDM0000029,RNC.WA,2026-09-28,1.4800000190734863,1.0823999965190887,0.6629213964738963,3623.62997674942,False,0.01
Remak-Energomontaż SA,PLREMAK00016,RMK.WA,2026-09-28,10.199999809265137,11.180049996376038,-0.2272727305567298,4309.49991941452,False,0.0
Render Cube SA,PLRNDCB00011,RND.WA,2026-09-28,70.4000015258789,76.1020000076294,-0.06878302980418993,4964.699897766113,False,0.0
Ryvu Therapeutics SA,PLSELVT00013,RVU.WA,2026-09-28,16.079999923706055,20.828249945640565,-0.410988997322865,348915.20574092865,False,0.03
Scanway SA,PLSCWAY00018,SCW.WA,2026-09-28,283.0,298.1175,0.9057239057239057,2191438.0,False,0.06
Scope Fluidics SA,PLSCPFL00018,SCP.WA,2026-09-28,125.4000015258789,133.56899982452393,-0.2649472623712015,191916.2021484375,False,0.03
Selena FM SA,PLSELNA00010,SEL.WA,2026-09-28,57.0,52.05050001144409,0.5039577230908348,162110.4011077881,False,0.04
Selvita SA,PLSLVCR00029,SLV.WA,2026-09-28,21.299999237060547,34.304000034332276,-0.436507945318231,340646.24746131897,False,0.04
Sfinks Polska SA,PLSFNKS00011,SFS.WA,2026-09-28,0.4129999876022339,0.4275000005960464,-0.007211588747445652,18334.074815139174,False,0.0
Silvair Inc.,USU827061099,SVRS.WA,2026-09-28,4.0,5.74104997754097,-0.32203390926370934,7352.749984025955,False,0.0
Skarbiec Holding SA,PLSKRBH00014,SKH.WA,2026-09-28,37.400001525878906,34.615000076293946,0.206451662125126,66753.59855270386,False,0.01
Sonel SA,PLSONEL00011,SON.WA,2026-09-28,12.100000381469727,14.444249997138977,-0.28823527167825136,12683.100380897522,False,0.01
SpyroSoft SA,PLSPRSF00011,SPR.WA,2026-09-28,324.0,445.365,-0.3671875,117486.0,False,0.01
Stalexport Autostrady SA,PLSTLEX00019,STX.WA,2026-09-28,1.7699999809265137,2.5291350042819976,-0.3598553657241703,426229.47766047716,False,0.02
Stalprodukt SA,PLSTLPD00017,STP.WA,2026-09-28,231.0,232.79,-0.04938271604938271,94833.0,False,0.05
Stalprofil SA,PLSTLPF00012,STF.WA,2026-09-28,9.4399995803833,8.79460000514984,0.12380952489078734,53273.09183931351,False,0.01
Sunex SA,PLSUNEX00013,SNX.WA,2026-09-28,2.9200000762939453,3.3200749981403352,-0.5562309862992654,30344.79595017433,False,0.0
Sygnity SA,PLCMPLD00016,SGN.WA,2026-09-28,84.0,78.12500015258789,-0.2075471698113207,796066.592590332,False,0.05
Synektik SA,PLSNKTK00019,SNT.WA,2026-09-28,348.0,310.34899963378905,0.3711583759478201,14719110.0,True,0.34
Synthaverse SA,PLBMDLB00018,SVE.WA,2026-09-28,2.875,3.299299991130829,-0.34881086640070347,95997.99997246265,False,0.02
Talex SA,PLTALEX00017,TLX.WA,2026-09-28,17.799999237060547,18.36249997138977,-0.12745100147492283,386.05001640319824,False,0.0
Tarczyński SA,PLTRCZN00016,TAR.WA,2026-09-28,115.5,120.84,-0.09055118110236215,13992.0,False,0.04
Tatry Mountain Resorts a.s.,SK1120010287,TMR.WA,2026-09-28,79.5,84.1725,-0.19696969696969702,0.0,False,0.0
Tauron PE SA,PLTAURN00011,TPE.WA,2026-09-28,8.829999923706055,9.574834995269775,0.042995551322009495,28927414.22396326,False,1.27
Tesgas SA,PLTSGS000019,TSG.WA,2026-09-28,1.6399999856948853,1.897474992275238,-0.29914527955139814,8644.637502849102,False,0.0
Text SA,PLLVTSF00010,TXT.WA,2026-09-28,41.29999923706055,42.09010000228882,-0.1917808127141848,2655995.8086719513,False,0.08
Torpol SA,PLTORPL00016,TOR.WA,2026-09-28,68.80000305175781,66.61099998474121,0.4244307275054289,1194580.6864433289,True,0.13
Toya SA,PLTOYA000011,TOA.WA,2026-09-28,10.899999618530273,9.455050005912781,0.16328705994214654,373344.5436592102,False,0.04
Trans Polonia SA,PLTRNSP00013,TRN.WA,2026-09-28,13.649999618530273,11.089050005674363,2.5921052078461044,154971.9239039421,False,0.02
Ulma Construccion Polska SA,PLBAUMA00017,ULM.WA,2026-09-28,51.5,58.4975,-0.16935483870967738,1100.75,False,0.01
Ultimate Games SA,PLULTGM00013,ULG.WA,2026-09-28,12.75,13.861499996185303,0.14349779696948817,37561.649477005005,False,0.0
Unfold.vc ASI SA,PLVNTIN00011,UNF.WA,2026-09-28,1.2699999809265137,1.267000007033348,0.015999984741210893,589.8000059127808,False,0.0
Unibep SA,PLUNBEP00015,UNI.WA,2026-09-28,14.420000076293945,14.324050011634826,0.4507042942689832,70038.86981105804,False,0.03
Unimot SA,PLUNMOT00013,UNT.WA,2026-09-28,152.8000030517578,154.73500049591064,0.09928059749466045,809083.7213973999,False,0.05
Vercom SA,PLVRCM000016,VRC.WA,2026-09-28,129.8000030517578,127.26700019836426,0.022047268124077313,1528594.381149292,True,0.23
Vigo Photonics SA,PLVIGOS00015,VGO.WA,2026-09-28,510.0,514.27,0.022044088176352616,610265.0,False,0.05
Vivid Games SA,PLVVDGM00014,VVD.WA,2026-09-28,0.6159999966621399,0.6457950016856193,-0.40769228917607125,5166.251366317272,False,0.0
Votum SA,PLVOTUM00016,VOT.WA,2026-09-28,45.95000076293945,45.53774993896484,-0.05355300751758596,245285.10209465027,False,0.03
Voxel SA,PLVOXEL00014,VOX.WA,2026-09-28,146.60000610351562,121.93300029754639,-0.13459261283622703,969083.7126998901,False,0.13
WP Holding SA,PLWRTPL00027,WPL.WA,2026-09-28,57.599998474121094,59.16150009155273,-0.036789310886412574,450346.49708747864,False,0.11
Wasko SA,PLHOGA000041,WAS.WA,2026-09-28,6.079999923706055,5.733625010848045,2.396648074456925,220155.38527321815,False,0.01
Wawel SA,PLWAWEL00013,WWL.WA,2026-09-28,704.0,767.46,0.05389221556886237,103496.0,False,0.05
Wielton SA,PLWELTN00012,WLT.WA,2026-09-28,4.925000190734863,5.574649991989136,-0.33084237752816825,166693.0647714138,False,0.02
Wittchen SA,PLWTCHN00030,WTN.WA,2026-09-28,11.699999809265137,15.299700064659119,-0.303571408297739,133677.44455337524,False,0.01
XTB SA,PLXTRDM00011,XTB.WA,2026-09-28,151.5800018310547,111.80540012359619,1.0942250287788826,70121268.9499054,True,1.73
XTPL SA,PLXTPL000018,XTP.WA,2026-09-28,74.4000015258789,68.93500011444092,-0.11533884808841022,227180.25006866455,False,0.02
Yanosik SA,PLNEPTS00011,YAN.WA,2026-09-28,17.399999618530273,15.314000029563903,0.27007298253850154,6754.5000858306885,False,0.01
ZE PAK SA,PLZEPAK00012,ZEP.WA,2026-09-28,17.600000381469727,18.180350046157837,-0.2772073878543644,64050.63940048218,False,0.04
ZM Ropczyce SA,PLROPCE00017,RPC.WA,2026-09-28,22.899999618530273,23.963499975204467,-0.004347842672596802,15587.450355529785,False,0.0
ZPC Otmuchów SA,PLZPCOT00018,OTM.WA,2026-09-28,4.739999771118164,5.000399990081787,-0.1381818597966974,1186.050003528595,False,0.01
ZUE SA,PLZUE0000015,ZUE.WA,2026-09-28,12.100000381469727,12.236000022888184,0.05676860987182031,71838.97560930252,False,0.01
Zabka Group S.A. (Żabka),LU2910446546,ZAB.WA,2026-09-28,31.600000381469727,25.562699966430664,0.41450314080723705,105037077.90618706,True,2.25
Zamet SA,PLZAMET00010,ZMT.WA,2026-09-28,0.5699999928474426,0.750789999961853,-0.35227273189085573,40864.83773565292,False,0.0
Zremb-Chojnice SA,PLZBMZC00019,ZRE.WA,2026-09-28,8.449999809265137,9.347300004959106,-0.16170636178354503,156368.99865150452,False,0.01
iFirma SA,PLPWRMD00011,IFI.WA,2026-09-28,21.450000762939453,28.23875003814697,-0.29090906568795194,72414.2488861084,False,0.01
mBank SA,PLBRE0000012,MBK.WA,2026-09-28,1487.5,1221.6575003051757,0.6642425825861056,25654128.25,True,2.63
mcr SA,PLMRCOR00016,MCR.WA,2026-09-28,15.100000381469727,16.10825002193451,-0.39357427257820143,23153.85001564026,False,0.01
Śnieżka SA,PLSNZKA00033,SKA.WA,2026-09-28,84.19999694824219,84.61600002288819,0.014457794557134696,30343.499183654785,False,0.06
