company_name,isin,money_value,index_share_pct,money_url
11 bit studios SA,PL11BTS00015,117.8,0.04,https://www.money.pl/gielda/spolki-gpw/pl11bts00015.html
3R Games SA,PLGRNKT00019,0.71,0.0,https://www.money.pl/gielda/spolki-gpw/plgrnkt00019.html
4Mass SA,PL4MASS00011,5.7,0.01,https://www.money.pl/gielda/spolki-gpw/pl4mass00011.html
AB SA,PLAB00000019,151.2,0.32,https://www.money.pl/gielda/spolki-gpw/plab00000019.html
AC SA,PLACSA000014,21.4,0.02,https://www.money.pl/gielda/spolki-gpw/placsa000014.html
APS Energia SA,PLAPSEN00011,4.7,0.0,https://www.money.pl/gielda/spolki-gpw/plapsen00011.html
ASBISc Enterprises plc,CY1000031710,175.2,0.83,https://www.money.pl/gielda/spolki-gpw/cy1000031710.html
ASM Group SA,PLASMGR00014,0.18,0.0,https://www.money.pl/gielda/spolki-gpw/plasmgr00014.html
ATM Grupa SA,PLATM0000021,3.66,0.02,https://www.money.pl/gielda/spolki-gpw/platm0000021.html
Action SA,PLACTIN00018,43.6,0.02,https://www.money.pl/gielda/spolki-gpw/plactin00018.html
Adatex SA,PLPIK0000018,1.42,0.0,https://www.money.pl/gielda/spolki-gpw/plpik0000018.html
Agora SA,PLAGORA00067,10.8,0.05,https://www.money.pl/gielda/spolki-gpw/plagora00067.html
Ailleron SA,PLWNDMB00010,15.66,0.01,https://www.money.pl/gielda/spolki-gpw/plwndmb00010.html
Airway Medix SA,PLAIRWY00017,0.24,0.0,https://www.money.pl/gielda/spolki-gpw/plairwy00017.html
Alior Bank SA,PLALIOR00045,137.8,1.66,https://www.money.pl/gielda/spolki-gpw/plalior00045.html
Allegro.eu S.A.,LU2237380790,50.43,6.94,https://www.money.pl/gielda/spolki-gpw/lu2237380790.html
Alta SA,PLTRNSU00013,1.7,0.0,https://www.money.pl/gielda/spolki-gpw/pltrnsu00013.html
Altus SA,PLATTFI00018,3.7,0.01,https://www.money.pl/gielda/spolki-gpw/plattfi00018.html
AmRest Holdings SE,ES0105375002,9.75,0.06,https://www.money.pl/gielda/spolki-gpw/es0105375002.html
Ambra SA,PLAMBRA00013,19.34,0.03,https://www.money.pl/gielda/spolki-gpw/plambra00013.html
Amica SA,PLAMICA00010,46.85,0.03,https://www.money.pl/gielda/spolki-gpw/plamica00010.html
Answear.com SA,PLANSWR00019,21.5,0.02,https://www.money.pl/gielda/spolki-gpw/planswr00019.html
Apator SA,PLAPATR00018,24.95,0.07,https://www.money.pl/gielda/spolki-gpw/plapatr00018.html
Aplisens SA,PLAPLS000016,18.5,0.01,https://www.money.pl/gielda/spolki-gpw/plapls000016.html
Archicom SA,PLARHCM00016,50.2,0.11,https://www.money.pl/gielda/spolki-gpw/plarhcm00016.html
Arctic Paper SA,PLARTPR00012,5.91,0.02,https://www.money.pl/gielda/spolki-gpw/plartpr00012.html
Arlen SA,PLARLEN00012,22.7,0.03,https://www.money.pl/gielda/spolki-gpw/plarlen00012.html
Artifex Mundi SA,PLARTFX00011,21.15,0.02,https://www.money.pl/gielda/spolki-gpw/plartfx00011.html
Asseco Business Solutions SA,PLABS0000018,85.2,0.21,https://www.money.pl/gielda/spolki-gpw/plabs0000018.html
Asseco Poland SA,PLSOFTB00016,219.9,1.63,https://www.money.pl/gielda/spolki-gpw/plsoftb00016.html
Asseco SEE SA,PLASSEE00014,75.4,0.26,https://www.money.pl/gielda/spolki-gpw/plassee00014.html
Astarta Holding PLC,NL0000686509,37.0,0.03,https://www.money.pl/gielda/spolki-gpw/nl0000686509.html
Atal SA,PLATAL000046,59.9,0.08,https://www.money.pl/gielda/spolki-gpw/platal000046.html
Atende SA,PLATMSI00016,4.96,0.01,https://www.money.pl/gielda/spolki-gpw/platmsi00016.html
Atlanta Poland SA,PLATLPL00018,22.5,0.0,https://www.money.pl/gielda/spolki-gpw/platlpl00018.html
Atrem SA,PLATREM00017,53.7,0.02,https://www.money.pl/gielda/spolki-gpw/platrem00017.html
Auto Partner SA,PLATPRT00018,29.75,0.3,https://www.money.pl/gielda/spolki-gpw/platprt00018.html
BNP Paribas Bank Polska SA,PLBGZ0000010,166.4,0.83,https://www.money.pl/gielda/spolki-gpw/plbgz0000010.html
BOŚ SA,PLBOS0000019,10.2,0.04,https://www.money.pl/gielda/spolki-gpw/plbos0000019.html
Bank Handlowy w Warszawie SA,PLBH00000012,121.6,0.54,https://www.money.pl/gielda/spolki-gpw/plbh00000012.html
Bank Millennium SA,PLBIG0000016,23.19,1.9,https://www.money.pl/gielda/spolki-gpw/plbig0000016.html
Bank Pekao SA,PLPEKAO00016,276.7,6.6,https://www.money.pl/gielda/spolki-gpw/plpekao00016.html
Benefit Systems SA,PLBNFTS00018,5030.0,2.09,https://www.money.pl/gielda/spolki-gpw/plbnfts00018.html
Betacom SA,PLBTCOM00016,5.14,0.0,https://www.money.pl/gielda/spolki-gpw/plbtcom00016.html
Big Cheese Studio SA,PLA340200015,3.98,0.0,https://www.money.pl/gielda/spolki-gpw/pla340200015.html
Bioceltix SA,PLBCLTX00019,76.0,0.04,https://www.money.pl/gielda/spolki-gpw/plbcltx00019.html
Bioton SA,PLBIOTN00029,3.84,0.02,https://www.money.pl/gielda/spolki-gpw/plbiotn00029.html
Bloober Team SA,PLBLOBR00014,22.0,0.04,https://www.money.pl/gielda/spolki-gpw/plblobr00014.html
BoomBit SA,PLBMBIT00010,5.42,0.0,https://www.money.pl/gielda/spolki-gpw/plbmbit00010.html
Boryszew SA,PLBRSZW00011,4.92,0.04,https://www.money.pl/gielda/spolki-gpw/plbrszw00011.html
Bowim SA,PLBOWM000019,7.38,0.0,https://www.money.pl/gielda/spolki-gpw/plbowm000019.html
Budimex SA,PLBUDMX00013,683.0,1.18,https://www.money.pl/gielda/spolki-gpw/plbudmx00013.html
Bumech Defense Partners SA,PLCPTLP00015,8.8,0.01,https://www.money.pl/gielda/spolki-gpw/plcptlp00015.html
Bumech SA,PLBMECH00012,13.99,0.02,https://www.money.pl/gielda/spolki-gpw/plbmech00012.html
CD Projekt Red SA,PLOPTTC00011,245.8,2.34,https://www.money.pl/gielda/spolki-gpw/plopttc00011.html
CDRL SA,PLCDRL000043,12.8,0.0,https://www.money.pl/gielda/spolki-gpw/plcdrl000043.html
CI Games SE,PLCTINT00018,2.4,0.04,https://www.money.pl/gielda/spolki-gpw/plctint00018.html
Capitea SA,PLGTBCK00297,0.47,0.0,https://www.money.pl/gielda/spolki-gpw/plgtbck00297.html
Caspar AM SA,PLCSPAM00017,7.7,0.0,https://www.money.pl/gielda/spolki-gpw/plcspam00017.html
Celon Pharma SA,PLCLNPH00015,19.4,0.05,https://www.money.pl/gielda/spolki-gpw/plclnph00015.html
Cloud Technologies SA,PLCLDTC00019,119.5,0.02,https://www.money.pl/gielda/spolki-gpw/plcldtc00019.html
Coal Energy SA,LU0646112838,1.86,0.0,https://www.money.pl/gielda/spolki-gpw/lu0646112838.html
Cognor Holding SA,PLCNTSL00014,5.75,0.08,https://www.money.pl/gielda/spolki-gpw/plcntsl00014.html
Columbus Energy SA,PLSTIGR00012,2.69,0.01,https://www.money.pl/gielda/spolki-gpw/plstigr00012.html
Comp SA,PLCMP0000017,93.0,0.25,https://www.money.pl/gielda/spolki-gpw/plcmp0000017.html
Compremum SA,PLPZBDT00013,1.33,0.0,https://www.money.pl/gielda/spolki-gpw/plpzbdt00013.html
Creepy Jar SA,PLCRPJR00019,474.0,0.03,https://www.money.pl/gielda/spolki-gpw/plcrpjr00019.html
Creotech Instruments SA,PLCRTCH00017,782.0,0.3,https://www.money.pl/gielda/spolki-gpw/plcrtch00017.html
Creotech Quantum SA,PLCTHQM00018,230.0,0.07,https://www.money.pl/gielda/spolki-gpw/plcthqm00018.html
Cyber_Folks SA,PLR220000018,203.2,0.25,https://www.money.pl/gielda/spolki-gpw/plr220000018.html
Cyfrowy Polsat SA,PLCFRPT00013,16.09,0.55,https://www.money.pl/gielda/spolki-gpw/plcfrpt00013.html
Dadelo SA,PLDADEL00013,100.2,0.05,https://www.money.pl/gielda/spolki-gpw/pldadel00013.html
DataWalk SA,PLPILAB00012,119.6,0.09,https://www.money.pl/gielda/spolki-gpw/plpilab00012.html
Decora SA,PLDECOR00013,89.3,0.06,https://www.money.pl/gielda/spolki-gpw/pldecor00013.html
Dekpol SA,PLDEKPL00032,62.0,0.01,https://www.money.pl/gielda/spolki-gpw/pldekpl00032.html
Delko SA,PLDELKO00019,6.04,0.0,https://www.money.pl/gielda/spolki-gpw/pldelko00019.html
Develia SA,PLLCCRP00017,9.13,0.57,https://www.money.pl/gielda/spolki-gpw/pllccrp00017.html
Diagnostyka SA,PLDGNST00012,161.1,0.39,https://www.money.pl/gielda/spolki-gpw/pldgnst00012.html
Digital Network SA,PL4FNMD00013,376.0,0.1,https://www.money.pl/gielda/spolki-gpw/pl4fnmd00013.html
Dino Polska SA,PLDINPL00011,34.34,2.22,https://www.money.pl/gielda/spolki-gpw/pldinpl00011.html
Dom Development SA,PLDMDVL00012,224.0,0.31,https://www.money.pl/gielda/spolki-gpw/pldmdvl00012.html
ECB SA,PLECBDZ00013,20.65,0.0,https://www.money.pl/gielda/spolki-gpw/plecbdz00013.html
Echo Investment SA,PLECHPS00019,5.42,0.11,https://www.money.pl/gielda/spolki-gpw/plechps00019.html
Elektrotim SA,PLELEKT00016,61.5,0.06,https://www.money.pl/gielda/spolki-gpw/plelekt00016.html
Elkop Estonia SE,EE0000000453,1.94,0.0,https://www.money.pl/gielda/spolki-gpw/ee0000000453.html
Enea SA,PLENEA000013,20.36,0.7,https://www.money.pl/gielda/spolki-gpw/plenea000013.html
Enel-Med SA,PLENLMD00017,19.8,0.04,https://www.money.pl/gielda/spolki-gpw/plenlmd00017.html
Energoinstal SA,PLERGIN00015,1.59,0.0,https://www.money.pl/gielda/spolki-gpw/plergin00015.html
Enter Air SA,PLENTER00017,49.6,0.07,https://www.money.pl/gielda/spolki-gpw/plenter00017.html
Erbud SA,PLERBUD00012,19.64,0.01,https://www.money.pl/gielda/spolki-gpw/plerbud00012.html
Erste Bank Polska SA,PLBZ00000044,787.6,4.5,https://www.money.pl/gielda/spolki-gpw/plbz00000044.html
Esotiq&Henderson SA,PLESTHN00018,34.2,0.0,https://www.money.pl/gielda/spolki-gpw/plesthn00018.html
Eurocash SA,PLEURCH00011,5.18,0.05,https://www.money.pl/gielda/spolki-gpw/pleurch00011.html
Eurotel SA,PLERTEL00011,29.6,0.01,https://www.money.pl/gielda/spolki-gpw/plertel00011.html
Fabrity SA,PLK2ITR00010,26.0,0.0,https://www.money.pl/gielda/spolki-gpw/plk2itr00010.html
Ferro SA,PLFERRO00016,31.1,0.09,https://www.money.pl/gielda/spolki-gpw/plferro00016.html
GK Immobile SA,PLMAKRM00019,4.7,0.01,https://www.money.pl/gielda/spolki-gpw/plmakrm00019.html
GPW SA,PLGPW0000017,98.3,0.36,https://www.money.pl/gielda/spolki-gpw/plgpw0000017.html
Gaming Factory SA,PLGMNGF00017,4.03,0.0,https://www.money.pl/gielda/spolki-gpw/plgmngf00017.html
Genomtec SA,PLGNMTC00017,3.29,0.01,https://www.money.pl/gielda/spolki-gpw/plgnmtc00017.html
Getin Holding SA,PLGSPR000014,0.3,0.0,https://www.money.pl/gielda/spolki-gpw/plgspr000014.html
GreenX Metals Ltd.,AU0000198939,2.62,0.05,https://www.money.pl/gielda/spolki-gpw/au0000198939.html
Grodno SA,PLGRODN00015,14.15,0.01,https://www.money.pl/gielda/spolki-gpw/plgrodn00015.html
Grupa Azoty SA,PLZATRM00012,19.34,0.12,https://www.money.pl/gielda/spolki-gpw/plzatrm00012.html
Grupa Forte SA,PLFORTE00012,15.7,0.03,https://www.money.pl/gielda/spolki-gpw/plforte00012.html
Grupa Kęty SA,PLKETY000011,1271.0,1.7,https://www.money.pl/gielda/spolki-gpw/plkety000011.html
Grupa Pracuj SA,PLGRPRC00015,55.8,0.17,https://www.money.pl/gielda/spolki-gpw/plgrprc00015.html
Grupa Virtus SA,PLIQPRT00017,1.33,0.01,https://www.money.pl/gielda/spolki-gpw/pliqprt00017.html
Harper Hygienics SA,PLHRPHG00023,4.96,0.0,https://www.money.pl/gielda/spolki-gpw/plhrphg00023.html
Helio SA,PLHELIO00014,53.2,0.0,https://www.money.pl/gielda/spolki-gpw/plhelio00014.html
Herkules SA,PLZRWZW00012,1.39,0.0,https://www.money.pl/gielda/spolki-gpw/plzrwzw00012.html
"Huuuge, Inc.",US44853H1086,22.7,0.06,https://www.money.pl/gielda/spolki-gpw/us44853h1086.html
Hydrotor SA,PLHDRTR00013,9.14,0.0,https://www.money.pl/gielda/spolki-gpw/plhdrtr00013.html
IMC S.A.,LU0607203980,30.15,0.03,https://www.money.pl/gielda/spolki-gpw/lu0607203980.html
INC SA,PLINCLT00015,1.45,0.0,https://www.money.pl/gielda/spolki-gpw/plinclt00015.html
ING Bank Śląski SA,PLBSK0000017,474.8,2.09,https://www.money.pl/gielda/spolki-gpw/plbsk0000017.html
Imperio ASI SA,PLNFI0700018,1.4,0.0,https://www.money.pl/gielda/spolki-gpw/plnfi0700018.html
Inpro SA,PLINPRO00015,7.1,0.01,https://www.money.pl/gielda/spolki-gpw/plinpro00015.html
Instal Kraków SA,PLINSTK00013,35.5,0.02,https://www.money.pl/gielda/spolki-gpw/plinstk00013.html
Inter Cars SA,PLINTCS00010,934.0,1.16,https://www.money.pl/gielda/spolki-gpw/plintcs00010.html
Ipopema Securities SA,PLIPOPM00011,9.12,0.02,https://www.money.pl/gielda/spolki-gpw/plipopm00011.html
Izolacja Jarocin SA,PLIZCJR00017,3.86,0.0,https://www.money.pl/gielda/spolki-gpw/plizcjr00017.html
Izostal SA,PLIZSTL00015,3.05,0.01,https://www.money.pl/gielda/spolki-gpw/plizstl00015.html
JSW SA,PLJSW0000015,32.73,0.23,https://www.money.pl/gielda/spolki-gpw/pljsw0000015.html
KCI SA,PLPONAR00012,0.9,0.0,https://www.money.pl/gielda/spolki-gpw/plponar00012.html
KGHM Polska Miedź SA,PLKGHM000017,320.85,5.92,https://www.money.pl/gielda/spolki-gpw/plkghm000017.html
KRKA d.d.,SI0031102120,1128.0,0.02,https://www.money.pl/gielda/spolki-gpw/si0031102120.html
Kino Polska TV SA,PLKNOPL00014,18.1,0.01,https://www.money.pl/gielda/spolki-gpw/plknopl00014.html
Kogeneracja SA,PLKGNRC00015,76.0,0.06,https://www.money.pl/gielda/spolki-gpw/plkgnrc00015.html
Komputronik SA ,PLKMPTR00012,6.09,0.0,https://www.money.pl/gielda/spolki-gpw/plkmptr00012.html
Kruk SA,PLKRK0000010,379.3,0.92,https://www.money.pl/gielda/spolki-gpw/plkrk0000010.html
LPP SA,PLLPP0000011,24880.0,4.3,https://www.money.pl/gielda/spolki-gpw/pllpp0000011.html
LW Bogdanka SA,PLLWBGD00016,25.55,0.04,https://www.money.pl/gielda/spolki-gpw/pllwbgd00016.html
Larq SA,PLCAMMD00032,2.94,0.0,https://www.money.pl/gielda/spolki-gpw/plcammd00032.html
Lena Lighting SA,PLLENAL00015,2.04,0.0,https://www.money.pl/gielda/spolki-gpw/pllenal00015.html
Less SA,PLINTGR00013,0.15,0.0,https://www.money.pl/gielda/spolki-gpw/plintgr00013.html
Libet SA,PLLBT0000013,1.25,0.0,https://www.money.pl/gielda/spolki-gpw/pllbt0000013.html
Lubawa SA,PLLUBAW00013,11.87,0.12,https://www.money.pl/gielda/spolki-gpw/pllubaw00013.html
Lumina Metals Corp.,CA55025J1030,26.9,0.0,https://www.money.pl/gielda/spolki-gpw/ca55025j1030.html
MCI Capital ASI SA,PLMCIMG00012,27.0,0.05,https://www.money.pl/gielda/spolki-gpw/plmcimg00012.html
MDI Energia SA,PLNFI1000012,2.11,0.0,https://www.money.pl/gielda/spolki-gpw/plnfi1000012.html
MFO SA,PLMFO0000013,31.9,0.01,https://www.money.pl/gielda/spolki-gpw/plmfo0000013.html
ML System SA,PLMLSTM00015,13.32,0.01,https://www.money.pl/gielda/spolki-gpw/plmlstm00015.html
MLP Group SA,PLMLPGR00017,115.0,0.14,https://www.money.pl/gielda/spolki-gpw/plmlpgr00017.html
MOL Rt.,HU0000153937,61.05,0.1,https://www.money.pl/gielda/spolki-gpw/hu0000153937.html
Mabion SA,PLMBION00016,7.79,0.01,https://www.money.pl/gielda/spolki-gpw/plmbion00016.html
Makarony Polskie SA,PLMKRNP00015,24.75,0.01,https://www.money.pl/gielda/spolki-gpw/plmkrnp00015.html
Mangata Holding SA,PLZTKMA00017,61.2,0.02,https://www.money.pl/gielda/spolki-gpw/plztkma00017.html
Marvipol Development SA,PLMRVDV00011,8.18,0.01,https://www.money.pl/gielda/spolki-gpw/plmrvdv00011.html
Medicalgorithmics SA,PLMDCLG00015,25.0,0.03,https://www.money.pl/gielda/spolki-gpw/plmdclg00015.html
Medinice SA,PLMDNCE00016,55.5,0.07,https://www.money.pl/gielda/spolki-gpw/plmdnce00016.html
Mennica Polska SA,PLMNNCP00011,40.4,0.11,https://www.money.pl/gielda/spolki-gpw/plmnncp00011.html
Mercator Medical SA,PLMRCTR00015,58.4,0.03,https://www.money.pl/gielda/spolki-gpw/plmrctr00015.html
Mex Polska SA,PLMEXPL00010,3.23,0.0,https://www.money.pl/gielda/spolki-gpw/plmexpl00010.html
Miraculum SA,PLKLSTN00017,0.59,0.0,https://www.money.pl/gielda/spolki-gpw/plklstn00017.html
Mirbud SA,PLMRBUD00015,11.34,0.1,https://www.money.pl/gielda/spolki-gpw/plmrbud00015.html
Mo-Bruk SA,PLMOBRK00013,394.0,0.15,https://www.money.pl/gielda/spolki-gpw/plmobrk00013.html
Modivo SA,PLCCC0000016,89.62,0.62,https://www.money.pl/gielda/spolki-gpw/plccc0000016.html
Molecure SA,PLONCTH00011,6.67,0.02,https://www.money.pl/gielda/spolki-gpw/ploncth00011.html
Monnari Trade SA,PLMNRTR00012,4.94,0.01,https://www.money.pl/gielda/spolki-gpw/plmnrtr00012.html
Mostostal Płock SA,PLMSTPL00018,13.0,0.0,https://www.money.pl/gielda/spolki-gpw/plmstpl00018.html
Mostostal Warszawa SA,PLMSTWS00019,3.48,0.0,https://www.money.pl/gielda/spolki-gpw/plmstws00019.html
Mostostal Zabrze SA,PLMSTZB00018,6.36,0.03,https://www.money.pl/gielda/spolki-gpw/plmstzb00018.html
Movie Games SA,PLMVGMS00011,5.92,0.0,https://www.money.pl/gielda/spolki-gpw/plmvgms00011.html
MultiQure SA,PLPRBLG00010,1.66,0.0,https://www.money.pl/gielda/spolki-gpw/plprblg00010.html
Murapol SA,PLMURPL00190,37.1,0.14,https://www.money.pl/gielda/spolki-gpw/plmurpl00190.html
NTT System SA,PLNTSYS00013,16.25,0.01,https://www.money.pl/gielda/spolki-gpw/plntsys00013.html
NanoGroup SA,PLNNGRP00011,2.5,0.01,https://www.money.pl/gielda/spolki-gpw/plnngrp00011.html
Neuca SA,PLTRFRM00018,710.0,0.18,https://www.money.pl/gielda/spolki-gpw/pltrfrm00018.html
Newag SA,PLNEWAG00012,102.0,0.31,https://www.money.pl/gielda/spolki-gpw/plnewag00012.html
Niewiadów Polska Grupa Militarna SA,PLVNTCP00019,16.65,0.06,https://www.money.pl/gielda/spolki-gpw/plvntcp00019.html
Noctiluca SA,PLNCTLC00018,91.7,0.02,https://www.money.pl/gielda/spolki-gpw/plnctlc00018.html
Novavis Group SA,PLNFI0500012,0.6,0.0,https://www.money.pl/gielda/spolki-gpw/plnfi0500012.html
OT Logistics SA,PLODRTS00017,14.9,0.01,https://www.money.pl/gielda/spolki-gpw/plodrts00017.html
Odlewnie Polskie SA,PLODLPL00013,20.1,0.02,https://www.money.pl/gielda/spolki-gpw/plodlpl00013.html
Onde SA,PLONDE000018,8.42,0.02,https://www.money.pl/gielda/spolki-gpw/plonde000018.html
One More Level SA,PLLSRMD00018,2.51,0.02,https://www.money.pl/gielda/spolki-gpw/pllsrmd00018.html
Oponeo.pl SA,PLOPNPL00013,108.0,0.07,https://www.money.pl/gielda/spolki-gpw/plopnpl00013.html
Orange Polska SA,PLTLKPL00017,13.08,1.15,https://www.money.pl/gielda/spolki-gpw/pltlkpl00017.html
Orlen SA,PLPKN0000018,148.6,9.5,https://www.money.pl/gielda/spolki-gpw/plpkn0000018.html
PCC Rokita SA,PLPCCRK00076,65.5,0.05,https://www.money.pl/gielda/spolki-gpw/plpccrk00076.html
PCF Group SA,PLPCFGR00010,3.3,0.01,https://www.money.pl/gielda/spolki-gpw/plpcfgr00010.html
PGE SA,PLPGER000010,14.09,1.64,https://www.money.pl/gielda/spolki-gpw/plpger000010.html
PGF Polska Grupa Fotowoltaiczna SA,PLZSTAL00012,1.34,0.01,https://www.money.pl/gielda/spolki-gpw/plzstal00012.html
PJP Makrum SA,PLPROJP00018,21.3,0.0,https://www.money.pl/gielda/spolki-gpw/plprojp00018.html
PKO BP SA,PLPKO0000016,123.74,10.71,https://www.money.pl/gielda/spolki-gpw/plpko0000016.html
PMPG Polskie Media SA,PLPEKPL00010,1.92,0.0,https://www.money.pl/gielda/spolki-gpw/plpekpl00010.html
PTWP SA,PLPTWP000015,136.0,0.0,https://www.money.pl/gielda/spolki-gpw/plptwp000015.html
PZU SA,PLPZU0000011,72.48,5.57,https://www.money.pl/gielda/spolki-gpw/plpzu0000011.html
Passus SA,PLPSSUS00018,168.2,0.02,https://www.money.pl/gielda/spolki-gpw/plpssus00018.html
Pekabex SA,PLPKBEX00072,8.0,0.01,https://www.money.pl/gielda/spolki-gpw/plpkbex00072.html
Pepco Group NV,NL0015000AU7,44.94,1.05,https://www.money.pl/gielda/spolki-gpw/nl0015000au7.html
Pepees SA,PLPEPES00018,0.78,0.0,https://www.money.pl/gielda/spolki-gpw/plpepes00018.html
Photon Energy NV,NL0010391108,1.18,0.0,https://www.money.pl/gielda/spolki-gpw/nl0010391108.html
PlayWay SA,PLPLAYW00015,238.0,0.04,https://www.money.pl/gielda/spolki-gpw/plplayw00015.html
Plaza Centers NV,NL0011882741,1.47,0.0,https://www.money.pl/gielda/spolki-gpw/nl0011882741.html
Polenergia SA,PLPLSEP00013,50.4,0.12,https://www.money.pl/gielda/spolki-gpw/plplsep00013.html
Police SA,PLZCPLC00036,7.3,0.02,https://www.money.pl/gielda/spolki-gpw/plzcplc00036.html
Polimex Mostostal SA,PLMSTSD00019,7.12,0.09,https://www.money.pl/gielda/spolki-gpw/plmstsd00019.html
Polwax SA,PLPOLWX00026,0.9,0.0,https://www.money.pl/gielda/spolki-gpw/plpolwx00026.html
Prochem SA,PLPRCHM00014,19.8,0.0,https://www.money.pl/gielda/spolki-gpw/plprchm00014.html
Protektor SA,PLLZPSK00019,0.86,0.0,https://www.money.pl/gielda/spolki-gpw/pllzpsk00019.html
QNA Technology SA,PLQNTHL00017,34.9,0.01,https://www.money.pl/gielda/spolki-gpw/plqnthl00017.html
Quantum Software SA,PLQNTUM00018,43.8,0.0,https://www.money.pl/gielda/spolki-gpw/plqntum00018.html
Quercus TFI SA,PLQRCUS00012,12.48,0.05,https://www.money.pl/gielda/spolki-gpw/plqrcus00012.html
Rainbow Tours SA,PLRNBWT00031,122.5,0.21,https://www.money.pl/gielda/spolki-gpw/plrnbwt00031.html
Rawlplug SA,PLKLNR000017,15.8,0.02,https://www.money.pl/gielda/spolki-gpw/plklnr000017.html
Reino Capital SA,PLWDM0000029,1.48,0.01,https://www.money.pl/gielda/spolki-gpw/plwdm0000029.html
Remak-Energomontaż SA,PLREMAK00016,9.86,0.0,https://www.money.pl/gielda/spolki-gpw/plremak00016.html
Render Cube SA,PLRNDCB00011,69.0,0.0,https://www.money.pl/gielda/spolki-gpw/plrndcb00011.html
Rex Concepts SA,PLRXCNC00017,11.2,0.05,https://www.money.pl/gielda/spolki-gpw/plrxcnc00017.html
Robyg SA,PLROBYG00321,31.35,0.13,https://www.money.pl/gielda/spolki-gpw/plrobyg00321.html
Ryvu Therapeutics SA,PLSELVT00013,15.9,0.03,https://www.money.pl/gielda/spolki-gpw/plselvt00013.html
Scanway SA,PLSCWAY00018,304.0,0.06,https://www.money.pl/gielda/spolki-gpw/plscway00018.html
Scope Fluidics SA,PLSCPFL00018,124.8,0.03,https://www.money.pl/gielda/spolki-gpw/plscpfl00018.html
Selena FM SA,PLSELNA00010,57.0,0.04,https://www.money.pl/gielda/spolki-gpw/plselna00010.html
Selvita SA,PLSLVCR00029,20.3,0.04,https://www.money.pl/gielda/spolki-gpw/plslvcr00029.html
Sfinks Polska SA,PLSFNKS00011,0.42,0.0,https://www.money.pl/gielda/spolki-gpw/plsfnks00011.html
Silvair Inc.,USU827061099,4.0,0.0,https://www.money.pl/gielda/spolki-gpw/usu827061099.html
Skarbiec Holding SA,PLSKRBH00014,38.5,0.01,https://www.money.pl/gielda/spolki-gpw/plskrbh00014.html
Sonel SA,PLSONEL00011,12.2,0.01,https://www.money.pl/gielda/spolki-gpw/plsonel00011.html
SpyroSoft SA,PLSPRSF00011,319.0,0.01,https://www.money.pl/gielda/spolki-gpw/plsprsf00011.html
Stalexport Autostrady SA,PLSTLEX00019,1.77,0.02,https://www.money.pl/gielda/spolki-gpw/plstlex00019.html
Stalprodukt SA,PLSTLPD00017,230.0,0.05,https://www.money.pl/gielda/spolki-gpw/plstlpd00017.html
Stalprofil SA,PLSTLPF00012,9.4,0.01,https://www.money.pl/gielda/spolki-gpw/plstlpf00012.html
Sunex SA,PLSUNEX00013,3.01,0.0,https://www.money.pl/gielda/spolki-gpw/plsunex00013.html
Sygnity SA,PLCMPLD00016,83.9,0.05,https://www.money.pl/gielda/spolki-gpw/plcmpld00016.html
Syn2Bio SA,PLSNBIO00013,68.9,0.05,https://www.money.pl/gielda/spolki-gpw/plsnbio00013.html
Synektik SA,PLSNKTK00019,351.2,0.34,https://www.money.pl/gielda/spolki-gpw/plsnktk00019.html
Synthaverse SA,PLBMDLB00018,2.91,0.02,https://www.money.pl/gielda/spolki-gpw/plbmdlb00018.html
Talex SA,PLTALEX00017,17.6,0.0,https://www.money.pl/gielda/spolki-gpw/pltalex00017.html
Tarczyński SA,PLTRCZN00016,117.0,0.04,https://www.money.pl/gielda/spolki-gpw/pltrczn00016.html
Tatry Mountain Resorts a.s.,SK1120010287,75.0,0.0,https://www.money.pl/gielda/spolki-gpw/sk1120010287.html
Tauron PE SA,PLTAURN00011,9.02,1.27,https://www.money.pl/gielda/spolki-gpw/pltaurn00011.html
Tesgas SA,PLTSGS000019,1.64,0.0,https://www.money.pl/gielda/spolki-gpw/pltsgs000019.html
Text SA,PLLVTSF00010,41.24,0.08,https://www.money.pl/gielda/spolki-gpw/pllvtsf00010.html
Torpol SA,PLTORPL00016,69.3,0.13,https://www.money.pl/gielda/spolki-gpw/pltorpl00016.html
Toya SA,PLTOYA000011,10.74,0.04,https://www.money.pl/gielda/spolki-gpw/pltoya000011.html
Trans Polonia SA,PLTRNSP00013,13.9,0.02,https://www.money.pl/gielda/spolki-gpw/pltrnsp00013.html
Ulma Construccion Polska SA,PLBAUMA00017,51.5,0.01,https://www.money.pl/gielda/spolki-gpw/plbauma00017.html
Ultimate Games SA,PLULTGM00013,12.8,0.0,https://www.money.pl/gielda/spolki-gpw/plultgm00013.html
Unfold.vc ASI SA,PLVNTIN00011,1.52,0.0,https://www.money.pl/gielda/spolki-gpw/plvntin00011.html
Unibep SA,PLUNBEP00015,14.3,0.03,https://www.money.pl/gielda/spolki-gpw/plunbep00015.html
Unimot SA,PLUNMOT00013,153.8,0.05,https://www.money.pl/gielda/spolki-gpw/plunmot00013.html
Vercom SA,PLVRCM000016,129.8,0.23,https://www.money.pl/gielda/spolki-gpw/plvrcm000016.html
Vigo Photonics SA,PLVIGOS00015,520.0,0.05,https://www.money.pl/gielda/spolki-gpw/plvigos00015.html
Vivid Games SA,PLVVDGM00014,0.61,0.0,https://www.money.pl/gielda/spolki-gpw/plvvdgm00014.html
Votum SA,PLVOTUM00016,45.95,0.03,https://www.money.pl/gielda/spolki-gpw/plvotum00016.html
Voxel SA,PLVOXEL00014,144.4,0.13,https://www.money.pl/gielda/spolki-gpw/plvoxel00014.html
WP Holding SA,PLWRTPL00027,57.9,0.11,https://www.money.pl/gielda/spolki-gpw/plwrtpl00027.html
Wasko SA,PLHOGA000041,6.08,0.01,https://www.money.pl/gielda/spolki-gpw/plhoga000041.html
Wawel SA,PLWAWEL00013,708.0,0.05,https://www.money.pl/gielda/spolki-gpw/plwawel00013.html
Wielton SA,PLWELTN00012,4.93,0.02,https://www.money.pl/gielda/spolki-gpw/plweltn00012.html
Wittchen SA,PLWTCHN00030,11.56,0.01,https://www.money.pl/gielda/spolki-gpw/plwtchn00030.html
XTB SA,PLXTRDM00011,150.46,1.73,https://www.money.pl/gielda/spolki-gpw/plxtrdm00011.html
XTPL SA,PLXTPL000018,74.1,0.02,https://www.money.pl/gielda/spolki-gpw/plxtpl000018.html
Yanosik SA,PLNEPTS00011,17.3,0.01,https://www.money.pl/gielda/spolki-gpw/plnepts00011.html
ZE PAK SA,PLZEPAK00012,17.6,0.04,https://www.money.pl/gielda/spolki-gpw/plzepak00012.html
ZM Ropczyce SA,PLROPCE00017,21.6,0.0,https://www.money.pl/gielda/spolki-gpw/plropce00017.html
ZPC Otmuchów SA,PLZPCOT00018,4.75,0.01,https://www.money.pl/gielda/spolki-gpw/plzpcot00018.html
ZUE SA,PLZUE0000015,12.3,0.01,https://www.money.pl/gielda/spolki-gpw/plzue0000015.html
Zabka Group S.A. (Żabka),LU2910446546,31.62,2.25,https://www.money.pl/gielda/spolki-gpw/lu2910446546.html
Zamet SA,PLZAMET00010,0.56,0.0,https://www.money.pl/gielda/spolki-gpw/plzamet00010.html
Zremb-Chojnice SA,PLZBMZC00019,8.41,0.01,https://www.money.pl/gielda/spolki-gpw/plzbmzc00019.html
iFirma SA,PLPWRMD00011,21.4,0.01,https://www.money.pl/gielda/spolki-gpw/plpwrmd00011.html
mBank SA,PLBRE0000012,1475.0,2.63,https://www.money.pl/gielda/spolki-gpw/plbre0000012.html
mcr SA,PLMRCOR00016,15.0,0.01,https://www.money.pl/gielda/spolki-gpw/plmrcor00016.html
Śnieżka SA,PLSNZKA00033,84.0,0.06,https://www.money.pl/gielda/spolki-gpw/plsnzka00033.html
