company_name,isin,symbol,date,close,sma200,mom12,adv60_pln,trend_ok,wig_weight_pct,target_pln,shares,notional_pln,cash_from_rounding
ASBIS,CY1000031710,ASB.WA,2026-09-28,170.39999389648438,77.01384989738465,5.147186079272081,31416870.64430237,True,0.1659,1000.0,5,851.9999694824219,148.00003051757812
DIGITANET,PL4FNMD00013,DIG.WA,2026-09-28,373.0,226.84800003051757,2.806122448979592,2948692.5680999756,True,0.0364,1000.0,2,746.0,254.0
CREOTECH,PLCRTCH00017,CRI.WA,2026-09-28,770.0,674.5925,1.271386430678466,7022008.0,True,0.0908,1000.0,1,770.0,230.0
KGHM,PLKGHM000017,KGH.WA,2026-09-28,321.5,319.7902500152588,1.1095801369806781,230848762.25,True,3.3697,1000.0,3,964.5,35.5
XTB,PLXTRDM00011,XTB.WA,2026-09-28,151.5800018310547,111.80540012359619,1.0942250287788826,70121268.9499054,True,1.122,1000.0,6,909.4800109863281,90.51998901367188
PEPCO,NL0015000AU7,PCO.WA,2026-09-28,43.75,34.12694993972778,0.9557442270305823,50645185.07050705,True,0.6691,1000.0,22,962.5,37.5
PKOBP,PLPKO0000016,PKO.WA,2026-09-28,124.36000061035156,99.54874977111817,0.7903829866037453,255369186.3357849,True,10.0,1000.0,8,994.8800048828125,5.1199951171875
GPW,PLGPW0000017,GPW.WA,2026-09-28,99.0,83.40500001907348,0.7537643695657037,8612999.061035156,True,0.3066,1000.0,10,990.0,10.0
PKNORLEN,PLPKN0000018,PKN.WA,2026-09-28,150.63999938964844,130.64184967041015,0.7033016195295931,207164288.1206665,True,8.7308,1000.0,6,903.8399963378906,96.16000366210938
SANPL,PLBZ00000044,EBP.WA,2026-09-28,788.2000122070312,631.0335011291504,0.675951589762757,47278034.49865723,True,3.7722,1000.0,1,788.2000122070312,211.79998779296875
