date,isin,company_name,price_pdf,weight_pct
2025-09-19,PLPKO0000016,PKOBP,71.0,10.0
2025-09-19,PLPKN0000018,PKNORLEN,77.78,8.7308
2025-09-19,PLPZU0000011,PZU,60.56,6.6421
2025-09-19,PLPEKAO00016,PEKAO,183.25,6.2378
2025-09-19,LU2237380790,ALLEGRO,36.515,5.0409
2025-09-19,PLLPP0000011,LPP,17250.0,4.2513
2025-09-19,PLDINPL00011,DINOPL,45.43,4.1979
2025-09-19,PLBZ00000044,SANPL,506.0,3.7722
2025-09-19,PLOPTTC00011,CDPROJEKT,252.0,3.4244
2025-09-19,PLKGHM000017,KGHM,128.0,3.3697
2025-09-19,PLBRE0000012,MBANK,878.2,2.2325
2025-09-19,PLBSK0000017,INGBSK,305.0,1.9145
2025-09-19,PLPGER000010,PGE,11.345,1.8817
2025-09-19,PLSOFTB00016,ASSECOPOL,188.9,1.8804
2025-09-19,PLBNFTS00018,BENEFIT,3260.0,1.783
2025-09-19,PLALIOR00045,ALIOR,103.7,1.7791
2025-09-19,LU2910446546,ZABKA,21.8,1.7763
2025-09-19,PLKETY000011,KETY,922.0,1.7477
2025-09-19,PLTAURN00011,TAURONPE,8.446,1.7011
2025-09-19,PLCCC0000016,CCC,166.9,1.6551
2025-09-19,PLBIG0000016,MILLENNIUM,14.09,1.6461
2025-09-19,PLKRK0000010,KRUK,454.7,1.5519
2025-09-19,PLBUDMX00013,BUDIMEX,532.6,1.3083
2025-09-19,PLTLKPL00017,ORANGEPL,9.272,1.1584
2025-09-19,PLXTRDM00011,XTB,77.0,1.122
2025-09-19,PLINTCS00010,INTERCARS,582.0,1.0316
2025-09-19,PLENEA000013,ENEA,18.33,0.894
2025-09-19,PLLCCRP00017,DEVELIA,8.3,0.7422
2025-09-19,PLDGNST00012,DIAG,202.5,0.6966
2025-09-19,PLCFRPT00013,CYFRPLSAT,14.3,0.6699
2025-09-19,NL0015000AU7,PEPCO,21.42,0.6691
2025-09-19,PLBH00000012,HANDLOWY,103.0,0.6493
2025-09-19,PLBGZ0000010,BNPPPL,107.5,0.5758
2025-09-19,PLDMDVL00012,DOMDEV,242.5,0.4775
2025-09-19,PLRNBWT00031,RAINBOW,141.6,0.3518
2025-09-19,PLASSEE00014,ASSECOSEE,66.4,0.3266
2025-09-19,PLNEWAG00012,NEWAG,76.0,0.315
2025-09-19,PLGPW0000017,GPW,58.4,0.3066
2025-09-19,PLATPRT00018,AUTOPARTN,20.15,0.2865
2025-09-19,PLABS0000018,ASSECOBS,82.0,0.2831
2025-09-19,PLGRPRC00015,GRUPRACUJ,64.1,0.2801
2025-09-19,PLAB00000019,ABPL,99.6,0.2442
2025-09-19,PLWRTPL00027,WIRTUALNA,66.4,0.2364
2025-09-19,PLJSW0000015,JSW,22.64,0.23
2025-09-19,PLR220000018,CYBERFLKS,173.0,0.2285
2025-09-19,PLSNKTK00019,SYNEKTIK,226.4,0.2231
2025-09-19,PLVRCM000016,VERCOM,116.8,0.2187
2025-09-19,PLTRFRM00018,NEUCA,649.0,0.2181
2025-09-19,PLVOXEL00014,VOXEL,170.0,0.2156
2025-09-19,PLPLSEP00013,PEP,55.4,0.2065
2025-09-19,PLMRBUD00015,MIRBUD,14.44,0.1904
2025-09-19,PLGTC0000037,GTC,4.22,0.1749
2025-09-19,CY1000031710,ASBIS,26.84,0.1659
2025-09-19,PLZATRM00012,GRUPAAZOTY,18.24,0.1648
2025-09-19,PLFERRO00016,FERRO,38.5,0.1578
2025-09-19,PLMOBRK00013,MOBRUK,287.5,0.1559
2025-09-19,PLECHPS00019,ECHO,5.6,0.1516
2025-09-19,ES0105375002,AMREST,14.52,0.1515
2025-09-19,PLLVTSF00010,TEXT,51.3,0.1497
2025-09-19,PLCMP0000017,COMP,264.0,0.1457
2025-09-19,PLMURPL00190,MURAPOL,38.65,0.1429
2025-09-19,PLARHCM00016,ARCHICOM,47.0,0.1411
2025-09-19,PLMNNCP00011,MENNICA,31.2,0.1355
2025-09-19,PLMLPGR00017,MLPGROUP,78.0,0.1349
2025-09-19,PLSHPR000021,SHOPER,49.0,0.1333
2025-09-19,PLLUBAW00013,LUBAWA,8.88,0.1256
2025-09-19,HU0000153937,MOL,31.54,0.1206
2025-09-19,US44853H1086,HUUUGE,20.7,0.1188
2025-09-19,PLVSTLA00011,VRG,4.4,0.1143
2025-09-19,PLATAL000046,ATAL,58.3,0.1138
2025-09-19,PLEURCH00011,EUROCASH,8.0,0.1095
2025-09-19,PLSTLSK00016,SANOK,25.4,0.108
2025-09-19,IT0005239360,UNICREDIT,282.55,0.1015
2025-09-19,PLTORPL00016,TORPOL,43.65,0.1006
2025-09-19,PLCRTCH00017,CREOTECH,287.0,0.0908
2025-09-19,PLPILAB00012,DATAWALK,99.0,0.0875
2025-09-19,PLCLNPH00015,CLNPHARMA,22.9,0.087
2025-09-19,PLSLVCR00029,SELVITA,31.1,0.0868
2025-09-19,PLSELVT00013,RYVU,28.9,0.0838
2025-09-19,PLENTER00017,ENTER,51.0,0.0836
2025-09-19,PLAPATR00018,APATOR,20.4,0.0824
2025-09-19,PL11BTS00015,11BIT,185.2,0.0803
2025-09-19,PLFORTE00012,FORTE,29.8,0.0781
2025-09-19,CZ0005112300,CEZ,226.6,0.0762
2025-09-19,PLSNZKA00033,SNIEZKA,78.6,0.0757
2025-09-19,PLOPNPL00013,OPONEO.PL,90.2,0.075
2025-09-19,PLMSTSD00019,POLIMEXMS,4.39,0.0747
2025-09-19,PLARLEN00012,ARLEN,42.99,0.0733
2025-09-19,PLZEPAK00012,ZEPAK,21.9,0.0731
2025-09-19,PLSTLPD00017,STALPROD,241.0,0.073
2025-09-19,PLTSQGM00016,TSGAMES,82.9,0.0721
2025-09-19,PLELEKT00016,ELEKTROTI,52.4,0.071
2025-09-19,PLKGNRC00015,KOGENERA,58.8,0.0709
2025-09-19,PLTRCZN00016,TARCZYNSKI,127.0,0.0695
2025-09-19,PLBRSZW00011,BORYSZEW,5.7,0.0691
2025-09-19,PLDECOR00013,DECORA,71.0,0.0688
2025-09-19,PLBCLTX00019,BIOCELTIX,105.0,0.0685
2025-09-19,NL0000686509,ASTARTA,49.8,0.0669
2025-09-19,PLBLOBR00014,BLOOBER,26.9,0.0659
2025-09-19,PLTOYA000011,TOYA,9.39,0.0654
2025-09-19,PLUNMOT00013,UNIMOT,139.4,0.0654
2025-09-19,PLWAWEL00013,WAWEL,664.0,0.0652
2025-09-19,PLAGORA00067,AGORA,8.96,0.0619
2025-09-19,PLPLAYW00015,PLAYWAY,266.0,0.0616
2025-09-19,PLQRCUS00012,QUERCUS,11.45,0.0597
2025-09-19,PLMCIMG00012,MCI,30.4,0.0588
2025-09-19,PLFAMUR00012,GRENEVIA,2.55,0.0584
2025-09-19,PLBOS0000019,BOS,11.68,0.0583
2025-09-19,PLVIGOS00015,VIGOPHOTN,465.0,0.0555
2025-09-19,PLCMPLD00016,SYGNITY,108.5,0.0554
2025-09-19,PLSTLEX00019,STALEXP,2.94,0.0544
2025-09-19,PLCNTSL00014,COGNOR,6.625,0.0536
2025-09-19,PLLWBGD00016,BOGDANKA,22.95,0.0534
2025-09-19,PLAMICA00010,AMICA,54.6,0.0533
2025-09-19,PLCTINT00018,CIGAMES,3.015,0.0515
2025-09-19,AU0000198939,GREENX,1.762,0.051
2025-09-19,PLDADEL00013,DADELO,52.0,0.0482
2025-09-19,PLSCPFL00018,SCPFL,157.6,0.0472
2025-09-19,PLENLMD00017,ENELMED,17.4,0.0459
2025-09-19,PLVOTUM00016,VOTUM,44.5,0.0442
2025-09-19,PLBMDLB00018,SNTVERSE,4.86,0.0429
2025-09-19,PLPCCRK00076,PCCROKITA,68.4,0.0412
2025-09-19,PLARTPR00012,ARCTIC,9.41,0.0399
2025-09-19,PLWELTN00012,WIELTON,6.68,0.0397
2025-09-19,PLANSWR00019,ANSWEAR,28.5,0.039
2025-09-19,PLMSTZB00018,MOSTALZAB,6.29,0.0385
2025-09-19,PLAMBRA00013,AMBRA,20.0,0.0378
2025-09-19,PL4FNMD00013,DIGITANET,96.0,0.0364
2025-09-19,PLMDCLG00015,MEDICALG,36.7,0.0352
2025-09-19,PLZCPLC00036,POLICE,8.84,0.0351
2025-09-19,LU0607203980,IMCOMPANY,27.7,0.0347
2025-09-19,PLACSA000014,ACAUTOGAZ,25.6,0.0347
2025-09-19,PLERBUD00012,ERBUD,32.55,0.0347
2025-09-19,PLBIOTN00029,BIOTON,4.15,0.0345
2025-09-19,PLCRPJR00019,CREEPYJAR,459.0,0.0343
2025-09-19,PLSELNA00010,SELENAFM,35.0,0.0339
2025-09-19,PLONDE000018,ONDE,9.68,0.0335
2025-09-19,PLUNBEP00015,UNIBEP,9.98,0.0322
2025-09-19,PLKLNR000017,RAWLPLUG,16.0,0.0322
2025-09-19,PLMRCOR00016,MERCOR,24.9,0.0313
2025-09-19,PLZTKMA00017,MANGATA,65.8,0.0311
2025-09-19,PLPKBEX00072,PEKABEX,17.0,0.031
2025-09-19,PLCPTRT00014,CAPTORTX,41.1,0.0291
2025-09-19,PLMRCTR00015,MERCATOR,44.2,0.0289
2025-09-19,PLINSTK00013,INSTALKRK,37.5,0.0283
2025-09-19,PLPHN0000014,PHN,9.8,0.0272
2025-09-19,PLATM0000021,ATMGRUPA,3.85,0.0267
2025-09-19,PLSTIGR00012,COLUMBUS,6.62,0.0259
2025-09-19,PLBMECH00012,BUMECH,16.8,0.0245
2025-09-19,PLWTCHN00030,WITTCHEN,16.78,0.024
2025-09-19,PLSPRSF00011,SPYROSOFT,590.0,0.0239
2025-09-19,PLWNDMB00010,AILLERON,18.6,0.0234
2025-09-19,PLACTIN00018,ACTION,26.0,0.0232
2025-09-19,SI0031102120,KRKA,854.0,0.0229
2025-09-19,PLPCFGR00010,PCFGROUP,5.22,0.0227
2025-09-19,PLXTPL000018,XTPL,80.7,0.0218
2025-09-19,PLONCTH00011,MOLECURE,7.62,0.0212
2025-09-19,PLINPRO00015,INPRO,7.2,0.0207
2025-09-19,PLWRWCK00013,SECOGROUP,27.4,0.0204
2025-09-19,PLARTFX00011,ARTIFEX,15.0,0.02
2025-09-19,PLMBION00016,MABION,9.3,0.0198
2025-09-19,PLNCTLC00018,NOCTILUCA,101.0,0.0188
2025-09-19,PLPWRMD00011,IFIRMA,32.0,0.0183
2025-09-19,PLMFO0000013,MFO,35.9,0.0174
2025-09-19,PLDEKPL00032,DEKPOL,72.8,0.0171
2025-09-19,PLRNKPR00014,RANKPROGR,4.785,0.017
2025-09-19,PLATREM00017,ATREM,41.1,0.0166
2025-09-19,PLPANVA00013,PANOVA,16.2,0.0162
2025-09-19,PLZUE0000015,ZUE,9.74,0.0162
2025-09-19,PLSONEL00011,SONEL,17.45,0.016
2025-09-19,PLKNOPL00014,KINOPOL,18.0,0.0159
2025-09-19,PLCVTNH00040,CAVATINA,13.0,0.0158
2025-09-19,PLBAUMA00017,ULMA,62.0,0.0154
2025-09-19,PLGNMTC00017,GENOMTEC,6.41,0.0152
2025-09-19,PLSKRBH00014,SKARBIEC,29.4,0.0151
2025-09-19,PL4MASS00011,4MASS,4.995,0.0151
2025-09-19,PLZBMZC00019,ZREMB,7.7,0.0139
2025-09-19,PLODLPL00013,ODLEWNIE,9.0,0.0132
2025-09-19,PLMRVDV00011,MARVIPOL,8.14,0.0131
2025-09-19,PLATMSI00016,ATENDE,3.32,0.0125
2025-09-19,PLMNRTR00012,MONNARI,4.93,0.0123
2025-09-19,PLMDNCE00016,MEDINICE,10.94,0.0121
2025-09-19,PLSTLPF00012,STALPROFI,8.06,0.012
2025-09-19,PLJRINV00013,JRH,4.9,0.012
2025-09-19,PLPLTRG00038,POLTREG,29.0,0.0119
2025-09-19,PLGRODN00015,GRODNO,11.3,0.0115
2025-09-19,PLNNGRP00011,NANOGROUP,2.825,0.0111
2025-09-19,NL0010391108,PHOTON,2.89,0.011
2025-09-19,PLZPCOT00018,OTMUCHOW,5.7,0.011
2025-09-19,PLMKRNP00015,MAKARONPL,19.0,0.0109
2025-09-19,PLMAKRM00019,IMMOBILE,3.0,0.0107
2025-09-19,PLMSTWS00019,MOSTALWAR,7.0,0.0102
2025-09-19,PLLENTX00010,LENTEX,7.76,0.0102
2025-09-19,PLODRTS00017,OTLOG,13.14,0.0102
2025-09-19,PLCLDTC00019,CLOUD,49.3,0.0101
2025-09-19,PLQNTHL00017,QNATECHNO,31.1,0.0101
2025-09-19,PLMLSTM00015,MLSYSTEM,15.42,0.01
2025-09-19,PLLKMDW00049,LOKUM,22.5,0.0093
2025-09-19,PLRESBD00032,EQUNICO,0.902,0.009
2025-09-19,PLSUNEX00013,SUNEX,6.66,0.009
2025-09-19,PLIPOPM00011,IPOPEMA,3.03,0.009
2025-09-19,PLNTSYS00013,NTTSYSTEM,10.65,0.0089
2025-09-19,PLINTMS00019,IMS,3.36,0.0087
2025-09-19,PLPSSUS00018,PASSUS,72.8,0.0086
2025-09-19,PLNEPTS00011,NEPTIS,134.0,0.0085
2025-09-19,PLGSPR000014,GETIN,0.513,0.0085
2025-09-19,USU827061099,SILVAIR-REGS,5.8,0.0081
2025-09-19,PLATTFI00018,ALTUS,1.92,0.0081
2025-09-19,PLERTEL00011,EUROTEL,22.5,0.008
2025-09-19,PLAPLS000016,APLISENS,18.55,0.0079
2025-09-19,PLROPCE00017,ROPCZYCE,25.0,0.0079
2025-09-19,PLVNDEX00013,VINDEXUS,11.95,0.0074
2025-09-19,PLK2ITR00010,FABRITY,26.9,0.0073
2025-09-19,PLZAMET00010,ZAMET,0.808,0.0072
2025-09-19,PLINTRL00013,INTROL,7.66,0.0071
2025-09-19,PLIZSTL00015,IZOSTAL,2.8,0.007
2025-09-19,PLESTHN00018,ESOTIQ,38.1,0.007
2025-09-19,PLBIOMX00015,BIOMAXIMA,13.0,0.0069
2025-09-19,PLDELKO00019,DELKO,6.64,0.0066
2025-09-19,PLCMRAY00029,CORMAY,0.5,0.0066
2025-09-19,ES0113900J37,SANTANDER,34.61,0.006
2025-09-19,LU0646112838,COALENERG,2.72,0.0059
2025-09-19,PLSKTAN00010,ONESANO,0.948,0.0059
2025-09-19,PLXPLUS00013,XPLUS,3.39,0.0059
2025-09-19,PLPTWP000015,PTWP,138.0,0.0059
2025-09-19,PLA340200015,BIGCHEESE,13.42,0.0057
2025-09-19,PLHOGA000041,WASKO,1.79,0.0057
2025-09-19,PLTRNSP00013,TRANSPOL,3.9,0.0056
2025-09-19,PLNFI1200018,BBIDEV,5.2,0.0055
2025-09-19,PLULTGM00013,ULTGAMES,12.05,0.0055
2025-09-19,PLHDRTR00013,HYDROTOR,19.15,0.0055
2025-09-19,LU0611262873,KSGAGRO,4.02,0.0054
2025-09-19,PLLENAL00015,LENA,2.78,0.0054
2025-09-19,PLMVGMS00011,MOVIEGAMES,13.54,0.0054
2025-09-19,PLGRNKT00019,3RGAMES,0.806,0.0054
2025-09-19,PLRELPL00014,RELPOL,5.14,0.0054
2025-09-19,PLGMNGF00017,GAMFACTOR,6.48,0.0051
2025-09-19,PLAIRWY00017,AIRWAY,0.3745,0.0049
2025-09-19,PLELPO000016,WIKANA,7.2,0.0049
2025-09-19,PLNFI0600010,06MAGNA,2.48,0.0048
2025-09-19,PLPOLWX00026,POLWAX,1.48,0.0047
2025-09-19,PLATLPL00018,ATLANTAPL,16.2,0.0046
2025-09-19,PLKMPTR00012,KOMPUTRON,5.58,0.0045
2025-09-19,PLPONAR00012,KCI,0.904,0.0045
2025-09-19,PLUNMST00014,YARRL,8.0,0.0043
2025-09-19,PLVVDGM00014,VIVID,1.17,0.0043
2025-09-19,PLPEPES00018,PEPEES,0.91,0.0042
2025-09-19,PLPROJP00018,PJPMAKRUM,15.0,0.0041
2025-09-19,PLINCLT00015,INC,1.82,0.0041
2025-09-19,PLPRCHM00014,PROCHEM,20.9,0.004
2025-09-19,PLPTNTS00019,PATENTUS,3.51,0.004
2025-09-19,PLSEKO000014,SEKO,8.38,0.004
2025-09-19,PLBOWM000019,BOWIM,4.44,0.004
2025-09-19,PLHELIO00014,HELIO,28.6,0.0039
2025-09-19,PLPZBDT00013,COMPREMUM,0.822,0.0039
2025-09-19,PLGMSOP00019,GAMEOPS,16.3,0.0038
2025-09-19,PLGTBCK00297,CAPITEA,0.439,0.0038
2025-09-19,PLURTST00010,URTESTE,51.6,0.0038
2025-09-19,PLINTGR00013,LESS,0.244,0.0038
2025-09-19,AT0000827209,WARIMPEX,2.52,0.0038
2025-09-19,PLLSSFT00016,LSISOFT,27.0,0.0037
2025-09-19,PLKOMPP00017,KOMPAP,24.4,0.0036
2025-09-19,PLECBDZ00013,ECBSA,29.75,0.0035
2025-09-19,PLREMAK00016,REMAK,12.45,0.0035
2025-09-19,PLZSTAL00012,PGFGROUP,0.534,0.0035
2025-09-19,PLAPSEN00011,APSENERGY,2.95,0.0034
2025-09-19,PLCELPD00013,CELTIC,6.4,0.0034
2025-09-19,PLNFI0500012,NOVAVISGR,1.268,0.0034
2025-09-19,PLKLSTN00017,MIRACULUM,0.88,0.0033
2025-09-19,CY0101062111,AGROTON,6.22,0.0033
2025-09-19,PLLZPSK00019,PROTEKTOR,1.215,0.0031
2025-09-19,PLERGZB00014,ERG,47.0,0.0031
2025-09-19,PLTRNSU00013,ALTA,1.99,0.003
2025-09-19,PLRNDCB00011,RENDER,72.0,0.003
2025-09-19,PLFEERM00018,FEERUM,13.35,0.0029
2025-09-19,PLERGIN00015,ENERGOINS,2.16,0.0028
2025-09-19,PLIQPRT00017,RAEN,0.54,0.0028
2025-09-19,PLLBT0000013,LIBET,1.56,0.0028
2025-09-19,PLMSTPL00018,MOSTALPLC,13.9,0.0028
2025-09-19,PLHRPHG00023,HARPER,6.56,0.0027
2025-09-19,PLBMBIT00010,BOOMBIT,6.6,0.0027
2025-09-19,NL0009508712,MILKILAND,2.05,0.0026
2025-09-19,PLSFNKS00011,SFINKS,0.45,0.0026
2025-09-19,PLPMPOL00031,PAMAPOL,2.65,0.0026
2025-09-19,PLTSGS000019,TESGAS,2.33,0.0026
2025-09-19,NL0011882741,PLAZACNTR,2.895,0.0025
2025-09-19,PLSANWL00012,SANWIL,1.4,0.0024
2025-09-19,PLINTBD00014,INTERBUD,2.26,0.0023
2025-09-19,PLERPCO00017,EUCO,2.93,0.0023
2025-09-19,PLFSING00010,FASING,12.8,0.0023
2025-09-19,PLPHRMN00011,PHARMENA,3.42,0.0022
2025-09-19,PLCAMMD00032,LARQ,1.66,0.0022
2025-09-19,PLSKLNW00011,SKYLINE,1.5,0.0022
2025-09-19,EE0000000552,ATLANTIS,2.11,0.002
2025-09-19,EE0000000453,ELKOP,2.33,0.002
2025-09-19,PLBIOPL00013,BIOPLANET,16.7,0.002
2025-09-19,PLTALEX00017,TALEX,21.8,0.002
2025-09-19,PLDBENR00017,DBENERGY,10.65,0.0019
2025-09-19,PLDGA0000019,DGA,19.4,0.0019
2025-09-19,PLCDRL000043,CDRL,9.9,0.0019
2025-09-19,PLSMFBC00016,SIMFABRIC,1.754,0.0018
2025-09-19,PLMUZA000019,MUZA,12.15,0.0018
2025-09-19,PLCSPAM00017,CASPAR,4.1,0.0017
2025-09-19,PLDRG0000013,DRAGOENT,20.6,0.0017
2025-09-19,PLINTSP00038,INTERSPPL,0.61,0.0015
2025-09-19,PLMEXPL00010,MEXPOLSKA,3.51,0.0015
2025-09-19,PLNFI1000012,MDIENERGIA,1.035,0.0014
2025-09-19,PLBTCOM00016,BETACOM,4.94,0.0014
2025-09-19,PLOPTEM00012,OPTEAM,3.76,0.0013
2025-09-19,PLCOMPR00010,COMPERIA,4.92,0.0013
2025-09-19,PLTHP0000011,FMG,105.5,0.0013
2025-09-19,PLPEKPL00010,PMPG,2.21,0.0011
2025-09-19,PLIZCJR00017,IZOLACJA,3.74,0.0011
2025-09-19,PLSTPRK00019,STAPORKOW,3.22,0.0011
2025-09-19,PLSARE000013,DIGITREE,11.8,0.0011
2025-09-19,PLWDPCK00017,WOODPCKR,3.11,0.001
2025-09-19,PLKPPD000017,KPPD,28.8,0.001
2025-09-19,PLSNTFG00017,AIGAMES,1.195,0.001
2025-09-19,PLPRGNK00017,PRAGMAINK,3.34,0.0009
2025-09-19,PLNFI0700018,IMPERIO,1.33,0.0009
2025-09-19,PLMXCMS00016,MAXCOM,5.96,0.0009
2025-09-19,PLWDMCP00013,NEXITY,1.95,0.0009
2025-09-19,SK1120010287,TATRY,101.0,0.0008
2025-09-19,AT0000A21KS2,CPIEUROPE,80.0,0.0008
2025-09-19,FR0000060873,MBWS,12.5,0.0002
