date,isin,company_name,price_pdf,weight_pct,yahoo_symbol,yahoo_name
2025-09-19,PLPKO0000016,PKOBP,71.0,10.0,PKO.WA,Powszechna Kasa Oszczednosci Bank Polski Spólka Akcyjna
2025-09-19,PLPKN0000018,PKNORLEN,77.78,8.7308,PKN.WA,Orlen S.A.
2025-09-19,PLPZU0000011,PZU,60.56,6.6421,PZU.WA,Powszechny Zaklad Ubezpieczen SA
2025-09-19,PLPEKAO00016,PEKAO,183.25,6.2378,PEO.WA,Bank Polska Kasa Opieki S.A.
2025-09-19,LU2237380790,ALLEGRO,36.515,5.0409,ALE.WA,Allegro.eu S.A.
2025-09-19,PLLPP0000011,LPP,17250.0,4.2513,LPP.WA,LPP SA
2025-09-19,PLDINPL00011,DINOPL,45.43,4.1979,DNP.WA,Dino Polska S.A.
2025-09-19,PLBZ00000044,SANPL,506.0,3.7722,EBP.WA,Erste Bank Polska S.A.
2025-09-19,PLOPTTC00011,CDPROJEKT,252.0,3.4244,CDR.WA,CD Projekt Red S.A.
2025-09-19,PLKGHM000017,KGHM,128.0,3.3697,KGH.WA,KGHM Polska Miedz S.A.
2025-09-19,PLBRE0000012,MBANK,878.2,2.2325,MBK.WA,mBank S.A.
2025-09-19,PLBSK0000017,INGBSK,305.0,1.9145,ING.WA,ING Bank Slaski S.A.
2025-09-19,PLPGER000010,PGE,11.345,1.8817,PGE.WA,PGE Polska Grupa Energetyczna S.A.
2025-09-19,PLSOFTB00016,ASSECOPOL,188.9,1.8804,ACP.WA,Asseco Poland S.A.
2025-09-19,PLBNFTS00018,BENEFIT,3260.0,1.783,BFT.WA,Benefit Systems S.A.
2025-09-19,PLALIOR00045,ALIOR,103.7,1.7791,ALR.WA,Alior Bank S.A.
2025-09-19,LU2910446546,ZABKA,21.8,1.7763,ZAB.WA,Zabka Group S.A.
2025-09-19,PLKETY000011,KETY,922.0,1.7477,KTY.WA,Grupa Kety S.A.
2025-09-19,PLTAURN00011,TAURONPE,8.446,1.7011,TPE.WA,TAURON Polska Energia S.A.
2025-09-19,PLCCC0000016,CCC,166.9,1.6551,MDV.WA,Modivo S.A.
2025-09-19,PLBIG0000016,MILLENNIUM,14.09,1.6461,MIL.WA,Bank Millennium S.A.
2025-09-19,PLKRK0000010,KRUK,454.7,1.5519,KRU.WA,KRUK Spólka Akcyjna
2025-09-19,PLBUDMX00013,BUDIMEX,532.6,1.3083,BDX.WA,Budimex SA
2025-09-19,PLTLKPL00017,ORANGEPL,9.272,1.1584,OPL.WA,Orange Polska S.A.
2025-09-19,PLXTRDM00011,XTB,77.0,1.122,XTB.WA,XTB S.A.
2025-09-19,PLINTCS00010,INTERCARS,582.0,1.0316,CAR.WA,Inter Cars S.A.
2025-09-19,PLENEA000013,ENEA,18.33,0.894,ENA.WA,ENEA S.A.
2025-09-19,PLLCCRP00017,DEVELIA,8.3,0.7422,DVL.WA,Develia S.A.
2025-09-19,PLDGNST00012,DIAG,202.5,0.6966,DIA.WA,Diagnostyka S.A.
2025-09-19,PLCFRPT00013,CYFRPLSAT,14.3,0.6699,CPS.WA,Cyfrowy Polsat S.A.
2025-09-19,NL0015000AU7,PEPCO,21.42,0.6691,PCO.WA,Pepco Group N.V.
2025-09-19,PLBH00000012,HANDLOWY,103.0,0.6493,BHW.WA,Bank Handlowy w Warszawie S.A.
2025-09-19,PLBGZ0000010,BNPPPL,107.5,0.5758,BNP.WA,BNP Paribas Bank Polska S.A.
2025-09-19,PLDMDVL00012,DOMDEV,242.5,0.4775,DOM.WA,Dom Development S.A.
2025-09-19,PLRNBWT00031,RAINBOW,141.6,0.3518,RBW.WA,Rainbow Tours S.A.
2025-09-19,PLASSEE00014,ASSECOSEE,66.4,0.3266,ASE.WA,Asseco South Eastern Europe S.A.
2025-09-19,PLNEWAG00012,NEWAG,76.0,0.315,NWG.WA,Newag S.A.
2025-09-19,PLGPW0000017,GPW,58.4,0.3066,GPW.WA,Gielda Papierów Wartosciowych w Warszawie S.A.
2025-09-19,PLATPRT00018,AUTOPARTN,20.15,0.2865,APR.WA,Auto Partner SA
2025-09-19,PLABS0000018,ASSECOBS,82.0,0.2831,ABS.WA,Asseco Business Solutions S.A.
2025-09-19,PLGRPRC00015,GRUPRACUJ,64.1,0.2801,GPP.WA,Grupa Pracuj S.A.
2025-09-19,PLAB00000019,ABPL,99.6,0.2442,ABE.WA,AB S.A.
2025-09-19,PLWRTPL00027,WIRTUALNA,66.4,0.2364,WPL.WA,Wirtualna Polska Holding S.A.
2025-09-19,PLJSW0000015,JSW,22.64,0.23,JSW.WA,Jastrzebska Spólka Weglowa S.A.
2025-09-19,PLR220000018,CYBERFLKS,173.0,0.2285,CBF.WA,cyber_Folks S.A.
2025-09-19,PLSNKTK00019,SYNEKTIK,226.4,0.2231,SNT.WA,Synektik Spólka Akcyjna
2025-09-19,PLVRCM000016,VERCOM,116.8,0.2187,VRC.WA,Vercom S.A.
2025-09-19,PLTRFRM00018,NEUCA,649.0,0.2181,NEU.WA,NEUCA S.A.
2025-09-19,PLVOXEL00014,VOXEL,170.0,0.2156,VOX.WA,Voxel S.A.
2025-09-19,PLPLSEP00013,PEP,55.4,0.2065,PEP.WA,Polenergia S.A.
2025-09-19,PLMRBUD00015,MIRBUD,14.44,0.1904,MRB.WA,Mirbud S.A.
2025-09-19,PLGTC0000037,GTC,4.22,0.1749,GTC.WA,Globe Trade Centre S.A.
2025-09-19,CY1000031710,ASBIS,26.84,0.1659,ASB.WA,ASBISc Enterprises Plc
2025-09-19,PLZATRM00012,GRUPAAZOTY,18.24,0.1648,ATT.WA,Grupa Azoty S.A.
2025-09-19,PLFERRO00016,FERRO,38.5,0.1578,FRO.WA,FERRO S.A.
2025-09-19,PLMOBRK00013,MOBRUK,287.5,0.1559,MBR.WA,Mo-BRUK S.A.
2025-09-19,PLECHPS00019,ECHO,5.6,0.1516,ECH.WA,Echo Investment S.A.
2025-09-19,ES0105375002,AMREST,14.52,0.1515,EAT.WA,AmRest Holdings SE
2025-09-19,PLLVTSF00010,TEXT,51.3,0.1497,TXT.WA,Text S.A.
2025-09-19,PLCMP0000017,COMP,264.0,0.1457,CMP.WA,Comp S.A.
2025-09-19,PLMURPL00190,MURAPOL,38.65,0.1429,MUR.WA,Murapol S.A.
2025-09-19,PLARHCM00016,ARCHICOM,47.0,0.1411,ARH.WA,Archicom S.A.
2025-09-19,PLMNNCP00011,MENNICA,31.2,0.1355,MNC.WA,Mennica Polska S.A.
2025-09-19,PLMLPGR00017,MLPGROUP,78.0,0.1349,MLG.WA,MLP Group S.A.
2025-09-19,PLSHPR000021,SHOPER,49.0,0.1333,,
2025-09-19,PLLUBAW00013,LUBAWA,8.88,0.1256,LBW.WA,Lubawa S.A.
2025-09-19,HU0000153937,MOL,31.54,0.1206,,
2025-09-19,US44853H1086,HUUUGE,20.7,0.1188,HUG.WA,"Huuuge, Inc."
2025-09-19,PLVSTLA00011,VRG,4.4,0.1143,VRG.WA,VRG S.A.
2025-09-19,PLATAL000046,ATAL,58.3,0.1138,1AT.WA,Atal S.A.
2025-09-19,PLEURCH00011,EUROCASH,8.0,0.1095,EUR.WA,Eurocash S.A.
2025-09-19,PLSTLSK00016,SANOK,25.4,0.108,SNK.WA,Sanok Rubber Company Spólka Akcyjna
2025-09-19,IT0005239360,UNICREDIT,282.55,0.1015,UCG.WA,UniCredit S.p.A.
2025-09-19,PLTORPL00016,TORPOL,43.65,0.1006,TOR.WA,Torpol S.A.
2025-09-19,PLCRTCH00017,CREOTECH,287.0,0.0908,CRI.WA,Creotech Instruments S.A.
2025-09-19,PLPILAB00012,DATAWALK,99.0,0.0875,DAT.WA,DataWalk S.A.
2025-09-19,PLCLNPH00015,CLNPHARMA,22.9,0.087,CLN.WA,Celon Pharma S.A.
2025-09-19,PLSLVCR00029,SELVITA,31.1,0.0868,SLV.WA,Selvita S.A.
2025-09-19,PLSELVT00013,RYVU,28.9,0.0838,RVU.WA,Ryvu Therapeutics S.A.
2025-09-19,PLENTER00017,ENTER,51.0,0.0836,ENT.WA,Enter Air S.A.
2025-09-19,PLAPATR00018,APATOR,20.4,0.0824,APT.WA,Apator S.A.
2025-09-19,PL11BTS00015,11BIT,185.2,0.0803,11B.WA,11 bit studios S.A.
2025-09-19,PLFORTE00012,FORTE,29.8,0.0781,FTE.WA,Fabryki Mebli FORTE S.A.
2025-09-19,CZ0005112300,CEZ,226.6,0.0762,,
2025-09-19,PLSNZKA00033,SNIEZKA,78.6,0.0757,SKA.WA,Fabryka Farb i Lakierów Sniezka SA
2025-09-19,PLOPNPL00013,OPONEO.PL,90.2,0.075,OPN.WA,Oponeo.pl S.A.
2025-09-19,PLMSTSD00019,POLIMEXMS,4.39,0.0747,PXM.WA,Polimex-Mostostal S.A.
2025-09-19,PLARLEN00012,ARLEN,42.99,0.0733,ARL.WA,Arlen S.A.
2025-09-19,PLZEPAK00012,ZEPAK,21.9,0.0731,ZEP.WA,ZE PAK SA
2025-09-19,PLSTLPD00017,STALPROD,241.0,0.073,STP.WA,Stalprodukt S.A.
2025-09-19,PLTSQGM00016,TSGAMES,82.9,0.0721,TEN.WA,Ten Square Games S.A.
2025-09-19,PLELEKT00016,ELEKTROTI,52.4,0.071,ELT.WA,Elektrotim S.A.
2025-09-19,PLKGNRC00015,KOGENERA,58.8,0.0709,KGN.WA,Zespól Elektrocieplowni Wroclawskich KOGENERACJA S.A.
2025-09-19,PLTRCZN00016,TARCZYNSKI,127.0,0.0695,TAR.WA,Tarczynski S.A.
2025-09-19,PLBRSZW00011,BORYSZEW,5.7,0.0691,BRS.WA,Boryszew S.A.
2025-09-19,PLDECOR00013,DECORA,71.0,0.0688,DCR.WA,Decora S.A.
2025-09-19,PLBCLTX00019,BIOCELTIX,105.0,0.0685,BCX.WA,Bioceltix S.A.
2025-09-19,NL0000686509,ASTARTA,49.8,0.0669,AST.WA,Astarta Holding PLC
2025-09-19,PLBLOBR00014,BLOOBER,26.9,0.0659,BLO.WA,Bloober Team SA
2025-09-19,PLTOYA000011,TOYA,9.39,0.0654,TOA.WA,TOYA S.A.
2025-09-19,PLUNMOT00013,UNIMOT,139.4,0.0654,UNT.WA,Unimot S.A.
2025-09-19,PLWAWEL00013,WAWEL,664.0,0.0652,WWL.WA,Wawel S.A.
2025-09-19,PLAGORA00067,AGORA,8.96,0.0619,AGO.WA,Agora S.A.
2025-09-19,PLPLAYW00015,PLAYWAY,266.0,0.0616,PLW.WA,PlayWay S.A.
2025-09-19,PLQRCUS00012,QUERCUS,11.45,0.0597,QRS.WA,Quercus TFI S.A.
2025-09-19,PLMCIMG00012,MCI,30.4,0.0588,MCI.WA,MCI Capital Alternatywna Spólka Inwestycyjna S.A.
2025-09-19,PLFAMUR00012,GRENEVIA,2.55,0.0584,,
2025-09-19,PLBOS0000019,BOS,11.68,0.0583,BOS.WA,Bank Ochrony Srodowiska S.A.
2025-09-19,PLVIGOS00015,VIGOPHOTN,465.0,0.0555,VGO.WA,VIGO Photonics S.A.
2025-09-19,PLCMPLD00016,SYGNITY,108.5,0.0554,SGN.WA,Sygnity S.A.
2025-09-19,PLSTLEX00019,STALEXP,2.94,0.0544,STX.WA,Stalexport Autostrady S.A.
2025-09-19,PLCNTSL00014,COGNOR,6.625,0.0536,COG.WA,Cognor Holding S.A.
2025-09-19,PLLWBGD00016,BOGDANKA,22.95,0.0534,LWB.WA,Lubelski Wegiel Bogdanka S.A.
2025-09-19,PLAMICA00010,AMICA,54.6,0.0533,AMC.WA,Amica S.A.
2025-09-19,PLCTINT00018,CIGAMES,3.015,0.0515,CIG.WA,CI Games SE
2025-09-19,AU0000198939,GREENX,1.762,0.051,GRX.WA,GreenX Metals Limited
2025-09-19,PLDADEL00013,DADELO,52.0,0.0482,DAD.WA,Dadelo S.A.
2025-09-19,PLSCPFL00018,SCPFL,157.6,0.0472,SCP.WA,Scope Fluidics S.A.
2025-09-19,PLENLMD00017,ENELMED,17.4,0.0459,ENE.WA,Centrum Medyczne ENEL-MED S.A.
2025-09-19,PLVOTUM00016,VOTUM,44.5,0.0442,VOT.WA,Votum S.A.
2025-09-19,PLBMDLB00018,SNTVERSE,4.86,0.0429,SVE.WA,Synthaverse S.A.
2025-09-19,PLPCCRK00076,PCCROKITA,68.4,0.0412,PCR.WA,PCC Rokita SA
2025-09-19,PLARTPR00012,ARCTIC,9.41,0.0399,ATC.WA,Arctic Paper S.A.
2025-09-19,PLWELTN00012,WIELTON,6.68,0.0397,WLT.WA,Wielton S.A.
2025-09-19,PLANSWR00019,ANSWEAR,28.5,0.039,ANR.WA,Answear.com S.A.
2025-09-19,PLMSTZB00018,MOSTALZAB,6.29,0.0385,MSZ.WA,Mostostal Zabrze S.A.
2025-09-19,PLAMBRA00013,AMBRA,20.0,0.0378,AMB.WA,Ambra S.A.
2025-09-19,PL4FNMD00013,DIGITANET,96.0,0.0364,DIG.WA,Digital Network SA
2025-09-19,PLMDCLG00015,MEDICALG,36.7,0.0352,MDG.WA,Medicalgorithmics S.A.
2025-09-19,PLZCPLC00036,POLICE,8.84,0.0351,PCE.WA,Grupa Azoty Zaklady Chemiczne Police S.A.
2025-09-19,LU0607203980,IMCOMPANY,27.7,0.0347,IMC.WA,IMC S.A.
2025-09-19,PLACSA000014,ACAUTOGAZ,25.6,0.0347,ACG.WA,AC Spólka Akcyjna
2025-09-19,PLERBUD00012,ERBUD,32.55,0.0347,ERB.WA,Erbud S.A.
2025-09-19,PLBIOTN00029,BIOTON,4.15,0.0345,BIO.WA,BIOTON S.A.
2025-09-19,PLCRPJR00019,CREEPYJAR,459.0,0.0343,CRJ.WA,Creepy Jar S.A.
2025-09-19,PLSELNA00010,SELENAFM,35.0,0.0339,SEL.WA,Selena FM S.A.
2025-09-19,PLONDE000018,ONDE,9.68,0.0335,OND.WA,Onde S.A.
2025-09-19,PLUNBEP00015,UNIBEP,9.98,0.0322,UNI.WA,UNIBEP S.A.
2025-09-19,PLKLNR000017,RAWLPLUG,16.0,0.0322,RWL.WA,Rawlplug S.A.
2025-09-19,PLMRCOR00016,MERCOR,24.9,0.0313,MCR.WA,mcr Spolka Akcyjna
2025-09-19,PLZTKMA00017,MANGATA,65.8,0.0311,MGT.WA,Mangata Holding S.A.
2025-09-19,PLPKBEX00072,PEKABEX,17.0,0.031,PBX.WA,Pekabex S.A.
2025-09-19,PLCPTRT00014,CAPTORTX,41.1,0.0291,CTX.WA,Captor Therapeutics Spolka Akcyjna
2025-09-19,PLMRCTR00015,MERCATOR,44.2,0.0289,MRC.WA,Mercator Medical S.A.
2025-09-19,PLINSTK00013,INSTALKRK,37.5,0.0283,INK.WA,Instal Kraków S.A.
2025-09-19,PLPHN0000014,PHN,9.8,0.0272,PHN.WA,Polski Holding Nieruchomosci S.A.
2025-09-19,PLATM0000021,ATMGRUPA,3.85,0.0267,ATG.WA,ATM Grupa S.A.
2025-09-19,PLSTIGR00012,COLUMBUS,6.62,0.0259,CLC.WA,Columbus Energy S.A.
2025-09-19,PLBMECH00012,BUMECH,16.8,0.0245,BMC.WA,Bumech S.A.
2025-09-19,PLWTCHN00030,WITTCHEN,16.78,0.024,WTN.WA,Wittchen S.A.
2025-09-19,PLSPRSF00011,SPYROSOFT,590.0,0.0239,SPR.WA,Spyrosoft Spólka Akcyjna
2025-09-19,PLWNDMB00010,AILLERON,18.6,0.0234,ALL.WA,Ailleron S.A.
2025-09-19,PLACTIN00018,ACTION,26.0,0.0232,ACT.WA,Action S.A.
2025-09-19,SI0031102120,KRKA,854.0,0.0229,KRK.WA,"Krka, d. d."
2025-09-19,PLPCFGR00010,PCFGROUP,5.22,0.0227,PCF.WA,PCF Group Spólka Akcyjna
2025-09-19,PLXTPL000018,XTPL,80.7,0.0218,XTP.WA,XTPL S.A.
2025-09-19,PLONCTH00011,MOLECURE,7.62,0.0212,MOC.WA,Molecure S.A.
2025-09-19,PLINPRO00015,INPRO,7.2,0.0207,INP.WA,Inpro S.A.
2025-09-19,PLWRWCK00013,SECOGROUP,27.4,0.0204,SWG.WA,Seco/Warwick S.A.
2025-09-19,PLARTFX00011,ARTIFEX,15.0,0.02,ART.WA,Artifex Mundi S.A.
2025-09-19,PLMBION00016,MABION,9.3,0.0198,MAB.WA,Mabion S.A.
2025-09-19,PLNCTLC00018,NOCTILUCA,101.0,0.0188,NCL.WA,NOCTILUCA SPÓLKA AKCYJNA
2025-09-19,PLPWRMD00011,IFIRMA,32.0,0.0183,IFI.WA,Ifirma SA
2025-09-19,PLMFO0000013,MFO,35.9,0.0174,MFO.WA,MFO S.A.
2025-09-19,PLDEKPL00032,DEKPOL,72.8,0.0171,DEK.WA,Dekpol S.A.
2025-09-19,PLRNKPR00014,RANKPROGR,4.785,0.017,RNK.WA,Rank Progress S.A.
2025-09-19,PLATREM00017,ATREM,41.1,0.0166,ATR.WA,Atrem S.A.
2025-09-19,PLPANVA00013,PANOVA,16.2,0.0162,NVA.WA,P.A. Nova S.A.
2025-09-19,PLZUE0000015,ZUE,9.74,0.0162,ZUE.WA,ZUE S.A.
2025-09-19,PLSONEL00011,SONEL,17.45,0.016,SON.WA,Sonel S.A.
2025-09-19,PLKNOPL00014,KINOPOL,18.0,0.0159,KPL.WA,Kino Polska TV Spolka Akcyjna
2025-09-19,PLCVTNH00040,CAVATINA,13.0,0.0158,CAV.WA,Cavatina Holding Spólka Akcyjna
2025-09-19,PLBAUMA00017,ULMA,62.0,0.0154,ULM.WA,ULMA Construccion Polska S.A.
2025-09-19,PLGNMTC00017,GENOMTEC,6.41,0.0152,GMT.WA,Genomtec S.A.
2025-09-19,PLSKRBH00014,SKARBIEC,29.4,0.0151,SKH.WA,Skarbiec Holding S.A.
2025-09-19,PL4MASS00011,4MASS,4.995,0.0151,4MS.WA,4MASS Spólka Akcyjna
2025-09-19,PLZBMZC00019,ZREMB,7.7,0.0139,ZRE.WA,Zaklad Budowy Maszyn ZREMB - Chojnice S.A.
2025-09-19,PLODLPL00013,ODLEWNIE,9.0,0.0132,ODL.WA,Odlewnie Polskie S.A.
2025-09-19,PLMRVDV00011,MARVIPOL,8.14,0.0131,MVP.WA,Marvipol Development S.A.
2025-09-19,PLATMSI00016,ATENDE,3.32,0.0125,ATD.WA,Atende S.A.
2025-09-19,PLMNRTR00012,MONNARI,4.93,0.0123,MON.WA,Monnari Trade S.A.
2025-09-19,PLMDNCE00016,MEDINICE,10.94,0.0121,ICE.WA,Medinice S.A.
2025-09-19,PLSTLPF00012,STALPROFI,8.06,0.012,STF.WA,Stalprofil S.A.
2025-09-19,PLJRINV00013,JRH,4.9,0.012,JRH.WA,JR Holding ASI S.A.
2025-09-19,PLPLTRG00038,POLTREG,29.0,0.0119,PTG.WA,Poltreg S.A.
2025-09-19,PLGRODN00015,GRODNO,11.3,0.0115,GRN.WA,Grodno Spólka Akcyjna
2025-09-19,PLNNGRP00011,NANOGROUP,2.825,0.0111,NNG.WA,NanoGroup S.A.
2025-09-19,NL0010391108,PHOTON,2.89,0.011,PEN.WA,Photon Energy N.V.
2025-09-19,PLZPCOT00018,OTMUCHOW,5.7,0.011,OTM.WA,Zaklady Przemyslu Cukierniczego Otmuchów S.A.
2025-09-19,PLMKRNP00015,MAKARONPL,19.0,0.0109,MAK.WA,Makarony Polskie S.A.
2025-09-19,PLMAKRM00019,IMMOBILE,3.0,0.0107,GKI.WA,Grupa Kapitalowa IMMOBILE S.A.
2025-09-19,PLMSTWS00019,MOSTALWAR,7.0,0.0102,MSW.WA,Mostostal Warszawa S.A.
2025-09-19,PLLENTX00010,LENTEX,7.76,0.0102,LTX.WA,Lentex S.A.
2025-09-19,PLODRTS00017,OTLOG,13.14,0.0102,OTS.WA,OT Logistics S.A.
2025-09-19,PLCLDTC00019,CLOUD,49.3,0.0101,CLD.WA,Cloud Technologies S.A.
2025-09-19,PLQNTHL00017,QNATECHNO,31.1,0.0101,QNA.WA,QNA Technology S.A.
2025-09-19,PLMLSTM00015,MLSYSTEM,15.42,0.01,MLS.WA,ML System S.A.
2025-09-19,PLLKMDW00049,LOKUM,22.5,0.0093,LKD.WA,Lokum Deweloper S.A.
2025-09-19,PLRESBD00032,EQUNICO,0.902,0.009,EQU.WA,Equnico SE
2025-09-19,PLSUNEX00013,SUNEX,6.66,0.009,SNX.WA,Sunex S.A.
2025-09-19,PLIPOPM00011,IPOPEMA,3.03,0.009,IPE.WA,IPOPEMA Securities S.A.
2025-09-19,PLNTSYS00013,NTTSYSTEM,10.65,0.0089,NTT.WA,NTT System S.A.
2025-09-19,PLINTMS00019,IMS,3.36,0.0087,IMS.WA,IMS S.A.
2025-09-19,PLPSSUS00018,PASSUS,72.8,0.0086,PAS.WA,Passus S.A.
2025-09-19,PLNEPTS00011,NEPTIS,134.0,0.0085,YAN.WA,Yanosik S.A.
2025-09-19,PLGSPR000014,GETIN,0.513,0.0085,GTN.WA,Getin Holding S.A.
2025-09-19,USU827061099,SILVAIR-REGS,5.8,0.0081,SVRS.WA,"Silvair, Inc."
2025-09-19,PLATTFI00018,ALTUS,1.92,0.0081,ALI.WA,Altus S.A.
2025-09-19,PLERTEL00011,EUROTEL,22.5,0.008,ETL.WA,Eurotel S.A.
2025-09-19,PLAPLS000016,APLISENS,18.55,0.0079,APN.WA,Aplisens S.A.
2025-09-19,PLROPCE00017,ROPCZYCE,25.0,0.0079,RPC.WA,Zaklady Magnezytowe ROPCZYCE S.A.
2025-09-19,PLVNDEX00013,VINDEXUS,11.95,0.0074,VIN.WA,Gielda Praw Majatkowych Vindexus Spolka Akcyjna
2025-09-19,PLK2ITR00010,FABRITY,26.9,0.0073,FAB.WA,Fabrity S.A.
2025-09-19,PLZAMET00010,ZAMET,0.808,0.0072,ZMT.WA,Zamet S.A.
2025-09-19,PLINTRL00013,INTROL,7.66,0.0071,INL.WA,Introl S.A.
2025-09-19,PLIZSTL00015,IZOSTAL,2.8,0.007,IZS.WA,Izostal S.A.
2025-09-19,PLESTHN00018,ESOTIQ,38.1,0.007,EAH.WA,ESOTIQ & Henderson S.A.
2025-09-19,PLBIOMX00015,BIOMAXIMA,13.0,0.0069,BMX.WA,BioMaxima S.A.
2025-09-19,PLDELKO00019,DELKO,6.64,0.0066,DEL.WA,Delko S.A.
2025-09-19,PLCMRAY00029,CORMAY,0.5,0.0066,CRM.WA,PZ Cormay S.A.
2025-09-19,ES0113900J37,SANTANDER,34.61,0.006,,
2025-09-19,LU0646112838,COALENERG,2.72,0.0059,CLE.WA,Coal Energy S.A.
2025-09-19,PLSKTAN00010,ONESANO,0.948,0.0059,ONO.WA,onesano S.A.
2025-09-19,PLXPLUS00013,XPLUS,3.39,0.0059,XPL.WA,Xplus S.A.
2025-09-19,PLPTWP000015,PTWP,138.0,0.0059,PTW.WA,Polskie Towarzystwo Wspierania Przedsiebiorczosci S.A.
2025-09-19,PLA340200015,BIGCHEESE,13.42,0.0057,BCS.WA,Big Cheese Studio Spolka Akcyjna
2025-09-19,PLHOGA000041,WASKO,1.79,0.0057,WAS.WA,Wasko S.A.
2025-09-19,PLTRNSP00013,TRANSPOL,3.9,0.0056,TRN.WA,Trans Polonia S.A.
2025-09-19,PLNFI1200018,BBIDEV,5.2,0.0055,BBD.WA,BBI Development S.A.
2025-09-19,PLULTGM00013,ULTGAMES,12.05,0.0055,ULG.WA,Ultimate Games S.A.
2025-09-19,PLHDRTR00013,HYDROTOR,19.15,0.0055,HDR.WA,Przedsiebiorstwo Hydrauliki Silowej HYDROTOR S.A.
2025-09-19,LU0611262873,KSGAGRO,4.02,0.0054,KSG.WA,KSG Agro S.A.
2025-09-19,PLLENAL00015,LENA,2.78,0.0054,LEN.WA,Lena Lighting S.A.
2025-09-19,PLMVGMS00011,MOVIEGAMES,13.54,0.0054,MOV.WA,Movie Games S.A.
2025-09-19,PLGRNKT00019,3RGAMES,0.806,0.0054,3RG.WA,3R Games S.A.
2025-09-19,PLRELPL00014,RELPOL,5.14,0.0054,RLP.WA,Relpol S.A.
2025-09-19,PLGMNGF00017,GAMFACTOR,6.48,0.0051,GIF.WA,Gaming Factory S.A.
2025-09-19,PLAIRWY00017,AIRWAY,0.3745,0.0049,AWM.WA,Airway Medix S.A.
2025-09-19,PLELPO000016,WIKANA,7.2,0.0049,WIK.WA,Wikana S.A.
2025-09-19,PLNFI0600010,06MAGNA,2.48,0.0048,06N.WA,Magna Polonia S.A.
2025-09-19,PLPOLWX00026,POLWAX,1.48,0.0047,PWX.WA,Polwax S.A.
2025-09-19,PLATLPL00018,ATLANTAPL,16.2,0.0046,ATP.WA,Atlanta Poland S.A.
2025-09-19,PLKMPTR00012,KOMPUTRON,5.58,0.0045,KOM.WA,Komputronik S.A.
2025-09-19,PLPONAR00012,KCI,0.904,0.0045,KCI.WA,KCI Spolka Akcyjna
2025-09-19,PLUNMST00014,YARRL,8.0,0.0043,YRL.WA,yarrl S.A.
2025-09-19,PLVVDGM00014,VIVID,1.17,0.0043,VVD.WA,Vivid Games S.A.
2025-09-19,PLPEPES00018,PEPEES,0.91,0.0042,PPS.WA,Pepees S.A.
2025-09-19,PLPROJP00018,PJPMAKRUM,15.0,0.0041,PJP.WA,PJP Makrum S.A.
2025-09-19,PLINCLT00015,INC,1.82,0.0041,INC.WA,INC S.A.
2025-09-19,PLPRCHM00014,PROCHEM,20.9,0.004,PRM.WA,Prochem S.A.
2025-09-19,PLPTNTS00019,PATENTUS,3.51,0.004,PAT.WA,Patentus S.A.
2025-09-19,PLSEKO000014,SEKO,8.38,0.004,SEK.WA,Seko S.A.
2025-09-19,PLBOWM000019,BOWIM,4.44,0.004,BOW.WA,Bowim S.A.
2025-09-19,PLHELIO00014,HELIO,28.6,0.0039,HEL.WA,Helio S.A.
2025-09-19,PLPZBDT00013,COMPREMUM,0.822,0.0039,CPR.WA,Compremum S.A.
2025-09-19,PLGMSOP00019,GAMEOPS,16.3,0.0038,GOP.WA,Games Operators S.A.
2025-09-19,PLGTBCK00297,CAPITEA,0.439,0.0038,CAP.WA,Capitea S.A.
2025-09-19,PLURTST00010,URTESTE,51.6,0.0038,URT.WA,Urteste S.A.
2025-09-19,PLINTGR00013,LESS,0.244,0.0038,LES.WA,Less S.A.
2025-09-19,AT0000827209,WARIMPEX,2.52,0.0038,WXF.WA,Warimpex Finanz- und Beteiligungs AG
2025-09-19,PLLSSFT00016,LSISOFT,27.0,0.0037,LSI.WA,LSI Software S.A.
2025-09-19,PLKOMPP00017,KOMPAP,24.4,0.0036,KMP.WA,Przedsiebiorstwo Produkcyjno - Handlowe KOMPAP S.A.
2025-09-19,PLECBDZ00013,ECBSA,29.75,0.0035,ECB.WA,ECB S.A.
2025-09-19,PLREMAK00016,REMAK,12.45,0.0035,RMK.WA,Remak-Energomontaz S.A.
2025-09-19,PLZSTAL00012,PGFGROUP,0.534,0.0035,PGV.WA,PGF Polska Grupa Fotowoltaiczna SA
2025-09-19,PLAPSEN00011,APSENERGY,2.95,0.0034,APE.WA,APS Energia SA
2025-09-19,PLCELPD00013,CELTIC,6.4,0.0034,CPD.WA,CPD S.A.
2025-09-19,PLNFI0500012,NOVAVISGR,1.268,0.0034,NVG.WA,Novavis Group S.A.
2025-09-19,PLKLSTN00017,MIRACULUM,0.88,0.0033,MIR.WA,Miraculum S.A.
2025-09-19,CY0101062111,AGROTON,6.22,0.0033,AGT.WA,Agroton Public Limited
2025-09-19,PLLZPSK00019,PROTEKTOR,1.215,0.0031,PRT.WA,Protektor S.A.
2025-09-19,PLERGZB00014,ERG,47.0,0.0031,ERG.WA,ERG Spólka Akcyjna
2025-09-19,PLTRNSU00013,ALTA,1.99,0.003,AAT.WA,Alta S.A.
2025-09-19,PLRNDCB00011,RENDER,72.0,0.003,RND.WA,Render Cube S.A.
2025-09-19,PLFEERM00018,FEERUM,13.35,0.0029,FEE.WA,Feerum S.A.
2025-09-19,PLERGIN00015,ENERGOINS,2.16,0.0028,ENI.WA,Energoinstal S.A.
2025-09-19,PLIQPRT00017,RAEN,0.54,0.0028,GVT.WA,Grupa Virtus Spolka Akcyjna
2025-09-19,PLLBT0000013,LIBET,1.56,0.0028,LBT.WA,Libet S.A.
2025-09-19,PLMSTPL00018,MOSTALPLC,13.9,0.0028,MSP.WA,Mostostal Plock S.A.
2025-09-19,PLHRPHG00023,HARPER,6.56,0.0027,HRP.WA,Harper Hygienics S.A.
2025-09-19,PLBMBIT00010,BOOMBIT,6.6,0.0027,BBT.WA,BoomBit S.A.
2025-09-19,NL0009508712,MILKILAND,2.05,0.0026,MLK.WA,MLK Foods Public Company LTD
2025-09-19,PLSFNKS00011,SFINKS,0.45,0.0026,SFS.WA,Sfinks Polska S.A.
2025-09-19,PLPMPOL00031,PAMAPOL,2.65,0.0026,FHB.WA,FoodHub Spolka Akcyjna
2025-09-19,PLTSGS000019,TESGAS,2.33,0.0026,TSG.WA,Tesgas S.A.
2025-09-19,NL0011882741,PLAZACNTR,2.895,0.0025,PLZ.WA,Plaza Centers N.V.
2025-09-19,PLSANWL00012,SANWIL,1.4,0.0024,SNW.WA,Sanwil Holding Spólka Akcyjna
2025-09-19,PLINTBD00014,INTERBUD,2.26,0.0023,ITB.WA,Interbud-Lublin S.A.
2025-09-19,PLERPCO00017,EUCO,2.93,0.0023,,
2025-09-19,PLFSING00010,FASING,12.8,0.0023,FSG.WA,Fabryki Sprzetu i Narzedzi Górniczych Grupa Kapitalowa FASING S.A.
2025-09-19,PLPHRMN00011,PHARMENA,3.42,0.0022,PHR.WA,Pharmena S.A.
2025-09-19,PLCAMMD00032,LARQ,1.66,0.0022,LRQ.WA,Larq S.A.
2025-09-19,PLSKLNW00011,SKYLINE,1.5,0.0022,SKL.WA,Skyline Investment S.A.
2025-09-19,EE0000000552,ATLANTIS,2.11,0.002,ATS.WA,Atlantis SE
2025-09-19,EE0000000453,ELKOP,2.33,0.002,EKP.WA,Elkop Estonia SE
2025-09-19,PLBIOPL00013,BIOPLANET,16.7,0.002,BIP.WA,Bio Planet S.A.
2025-09-19,PLTALEX00017,TALEX,21.8,0.002,TLX.WA,Talex S.A.
2025-09-19,PLDBENR00017,DBENERGY,10.65,0.0019,DBE.WA,DB Energy S.A.
2025-09-19,PLDGA0000019,DGA,19.4,0.0019,DGA.WA,DGA Spólka Akcyjna
2025-09-19,PLCDRL000043,CDRL,9.9,0.0019,CDL.WA,CDRL S.A.
2025-09-19,PLSMFBC00016,SIMFABRIC,1.754,0.0018,SIM.WA,SimFabric S.A.
2025-09-19,PLMUZA000019,MUZA,12.15,0.0018,MZA.WA,Muza S.A.
2025-09-19,PLCSPAM00017,CASPAR,4.1,0.0017,CSR.WA,Caspar Asset Management S.A.
2025-09-19,PLDRG0000013,DRAGOENT,20.6,0.0017,DGE.WA,DRAGO entertainment Spólka Akcyjna
2025-09-19,PLINTSP00038,INTERSPPL,0.61,0.0015,IPO.WA,Intersport Polska S.A.
2025-09-19,PLMEXPL00010,MEXPOLSKA,3.51,0.0015,MEX.WA,Mex Polska S.A.
2025-09-19,PLNFI1000012,MDIENERGIA,1.035,0.0014,MDI.WA,MDI Energia S.A.
2025-09-19,PLBTCOM00016,BETACOM,4.94,0.0014,BCM.WA,Betacom S.A.
2025-09-19,PLOPTEM00012,OPTEAM,3.76,0.0013,OPM.WA,OPTeam Spólka Akcyjna
2025-09-19,PLCOMPR00010,COMPERIA,4.92,0.0013,CPL.WA,Comperia.pl S.A.
2025-09-19,PLTHP0000011,FMG,105.5,0.0013,FMG.WA,Wise Energy S.A.
2025-09-19,PLPEKPL00010,PMPG,2.21,0.0011,PGM.WA,PMPG Polskie Media SA
2025-09-19,PLIZCJR00017,IZOLACJA,3.74,0.0011,IZO.WA,Izolacja Jarocin Spolka Akcyjna
2025-09-19,PLSTPRK00019,STAPORKOW,3.22,0.0011,ZUK.WA,"Zaklady Urzadzen Kotlowych ""Staporków"" S.A."
2025-09-19,PLSARE000013,DIGITREE,11.8,0.0011,DTR.WA,Digitree Group S.A.
2025-09-19,PLWDPCK00017,WOODPCKR,3.11,0.001,WPR.WA,Woodpecker.co S.A.
2025-09-19,PLKPPD000017,KPPD,28.8,0.001,KPD.WA,Koszalinskie Przedsiebiorstwo Przemyslu Drzewnego Spólka Akcyjna
2025-09-19,PLSNTFG00017,AIGAMES,1.195,0.001,ALG.WA,All in! Games S.A.
2025-09-19,PLPRGNK00017,PRAGMAINK,3.34,0.0009,PRI.WA,NPL Nova S.A.
2025-09-19,PLNFI0700018,IMPERIO,1.33,0.0009,IMP.WA,Imperio Alternatywna Spolka Inwestycyjna S.A.
2025-09-19,PLMXCMS00016,MAXCOM,5.96,0.0009,MXC.WA,Maxcom S.A.
2025-09-19,PLWDMCP00013,NEXITY,1.95,0.0009,NXG.WA,Nexity Global S.A.
2025-09-19,SK1120010287,TATRY,101.0,0.0008,TMR.WA,"Tatry mountain resorts, a.s."
2025-09-19,AT0000A21KS2,CPIEUROPE,80.0,0.0008,CPI.WA,CPI Europe AG
2025-09-19,FR0000060873,MBWS,12.5,0.0002,MBW.WA,Marie Brizard Wine & Spirits SA
