strategy,segment,status,cagr,sharpe,sortino,max_drawdown,ann_vol,calmar,beta_vs_wig20
momentum_12_1,train,WATCH,-0.11025212367832826,-0.30923712451340424,-0.4142085984752548,-0.6979230322595288,0.2641122752451041,-0.15797175129954738,0.7832641921346752
momentum_12_1,validation,WATCH,0.17854987835165193,0.9607641112260045,1.4245554298083372,-0.20136936009922823,0.18976347395172768,0.8866784810939876,0.6643578742891533
momentum_12_1,oos,WATCH,0.17812093211299485,0.6573284120735469,0.9550348763588381,-0.44580235770224996,0.33578353325245547,0.3995513460966514,0.8431623089728595
trend_sma200,train,WATCH,-0.0002504363030991774,0.09788960284003768,0.1384313401853292,-0.33052005853175837,0.19841740589636184,-0.0007577037962890049,0.42168421775874904
trend_sma200,validation,WATCH,0.13386513793565968,0.825869482529724,1.1915996798981316,-0.20701088604774054,0.1695806271325623,0.6466574801519757,0.662508530287919
trend_sma200,oos,WATCH,0.18905576189565543,0.789095218248353,1.1428598446726521,-0.3330867501786098,0.2638130528920234,0.5675871579829543,0.7755138236151113
reversal_5d,train,REJECTED,-0.4498412908611086,-1.6683259377036261,-2.124940797558616,-0.9844315889074086,0.32568364340082645,-0.45695535975270163,0.9188497325567788
reversal_5d,validation,REJECTED,-0.2862632152315647,-1.3550702219688855,-1.8159485370021564,-0.790775454267016,0.2293182258480478,-0.3620031624488234,0.858030915190339
reversal_5d,oos,REJECTED,-0.3709805560266415,-1.2965110288842638,-1.7333033392948345,-0.9148525026336326,0.31810866612074473,-0.4055085983354484,0.9164735793867081
lowvol_120d,train,REJECTED,-0.07032916827052293,-0.26084830213389504,-0.3526634526613525,-0.6008402554499015,0.20143868435297937,-0.1170513587140751,0.6296632354011861
lowvol_120d,validation,REJECTED,-0.043429035715096265,-0.24580886968707769,-0.3318635234967966,-0.3133031415692028,0.14043766313584927,-0.13861666211701104,0.5997056055929414
lowvol_120d,oos,REJECTED,-0.034100034949294145,-0.08610067622118796,-0.11316092998842729,-0.4337754652372946,0.19016885644500053,-0.07861217999187645,0.6529314832532565
momentum_market_filter,train,REJECTED,-0.05088642833599322,-0.23665175592015986,-0.32653226460315743,-0.4260105385199421,0.16370179675127516,-0.11944875474861325,0.24672375226091683
momentum_market_filter,validation,REJECTED,0.03080728019570733,0.3293331687774887,0.4816883773114504,-0.1930637617308001,0.11071627522648136,0.1595704958793028,0.24739064199052924
momentum_market_filter,oos,REJECTED,0.020818492628013274,0.20994736940176206,0.2961475280834641,-0.3290046498918475,0.15684593673039512,0.06327719877167955,0.20410497307283632
momentum_lowvol,train,WATCH,-0.08186080890711489,-0.2757231818176925,-0.3755011410025905,-0.5801183082134814,0.2209177993477375,-0.14111054201894005,0.6839339000431641
momentum_lowvol,validation,WATCH,0.07700851602051362,0.5333326122411122,0.7643598083705431,-0.2560101403525512,0.16448831932557154,0.30080260068786846,0.6131609685714435
momentum_lowvol,oos,WATCH,0.10755790131819354,0.537617020338823,0.7618436442799886,-0.44156995939359023,0.24724051579268647,0.24358065812697774,0.7479184797189059
equal_weight_wig,train,BENCHMARK_CONTROL,-0.08640678768195575,-0.26540711579432774,-0.3620749464773072,-0.635369329710266,0.23556231864349064,-0.1359945840025958,0.8432760444585303
equal_weight_wig,validation,BENCHMARK_CONTROL,0.0028742921487132644,0.09622488411898919,0.13080698032641377,-0.26899316005846174,0.15497474493100824,0.010685372624674096,0.7806253411196947
equal_weight_wig,oos,BENCHMARK_CONTROL,0.051969518366748346,0.3368446585173451,0.46036458614447323,-0.47377707246171297,0.2293543721195657,0.10969192345403782,0.8499467962326364
